x,y
617139.413,9643578.168
617147.11,9643573.138
617183.992,9643539.888
617226.286,9643500.929
617274.897,9643460.695
617286.92,9643434.971
617288.361,9643431.888
617305.235,9643395.228
617305.473,9643379.1
617301.662,9643340.043
617301.49,9643338.022
617296.712,9643302.305
617289.612,9643269.173
617275.059,9643232.997
617245.675,9643181.479
617226.286,9643147.487
617184.481,9643079.712
617166,9643029.867
617157.543,9642951.837
617167.615,9642871.652
617180.389,9642831.958
617190.14,9642805.508
617201.583,9642776.308
617233.178,9642724.194
617272.463,9642665.244
617282.026,9642650.893
617323.831,9642595.786
617333.187,9642583.552
617356.769,9642552.715
617393.507,9642512.81
617446.08,9642485.573
617499.286,9642469.104
617570.228,9642469.104
617628.502,9642471.638
617672.954,9642477.32
617708.279,9642483.838
617751.557,9642508.023
617790.168,9642536.875
617855.085,9642596.277
617900.485,9642630.22
617950.976,9642649.738
618005.286,9642657.375
618045.45,9642653.198
618048.644,9642652.866
618105.459,9642631.891
618133.527,9642620.537
618161.833,9642609.088
618196.682,9642595.652
618206.402,9642592.034
618229.241,9642586.582
618294.216,9642576.784
618312.989,9642574.314
618315.022,9642574.213
618366.786,9642582.275
618371.223,9642584.219
618382.606,9642589.208
618435.522,9642612.4
618498.474,9642642.701
618535.859,9642664.806
618567.161,9642683.314
618638.46,9642712.692
618692.737,9642729.619
618710.804,9642732.746
618812.797,9642725.648
618846.759,9642715.755
618849.335,9642715.005
618885.08,9642704.594
618937.431,9642702.65
618942.535,9642702.529
618993.437,9642701.331
619029.588,9642709.324
619035.475,9642712.052
619081.166,9642741.048
619102.171,9642767.092
619116.32,9642790.036
619137.996,9642825.185
619170.915,9642872.628
619208.676,9642909.421
619242.564,9642927.817
619300.658,9642936.531
619355.846,9642929.753
619423.622,9642899.739
619479.276,9642856.613
619505.274,9642841.102
619551.428,9642813.567
619615.331,9642789.361
619657.182,9642785.513
619705.863,9642785.513
619754.354,9642793.962
619766.487,9642796.696
619770.199,9642797.841
619838.022,9642824.217
619860.522,9642833.512
619902.312,9642859.764
619978.686,9642893.284
620045.724,9642897.951
620053.622,9642898.501
620097.474,9642901.554
620144.882,9642902.151
620199.17,9642899.739
620274.692,9642887.152
620331.219,9642873.252
620346.451,9642866.28
620370.546,9642854.232
620415.085,9642831.963
620457.687,9642804.853
620495.447,9642776.774
620563.223,9642760.314
620630.999,9642738.045
620691.029,9642711.903
620751.059,9642677.047
620802.005,9642635.429
620819.803,9642620.89
620841.859,9642606.066
620859.099,9642597.974
620894.82,9642585.947
620919.541,9642587.663
620935.99,9642590.875
620968.909,9642602.493
621001.59,9642617.114
621008.403,9642620.934
621021.18,9642628.099
621062.532,9642654.34
621086.34,9642669.447
621131.115,9642693.723
621163.33,9642707.415
621188.922,9642711.366
621218.478,9642715.928
621272.363,9642714.655
621318.187,9642698.532
621358.071,9642662.467
621393.333,9642630.581
621430.704,9642596.788
621458.629,9642561.909
621476.573,9642544.408
621497.56,9642526.004
621498.913,9642525.122
621537.548,9642503.78
621591.858,9642478.747
621646.592,9642462.199
621695.414,9642447.439
621769.214,9642432.074
621824.372,9642415.527
621877.833,9642382.007
621905.919,9642354.217
621918.142,9642342.124
621941.471,9642303.637
621963.362,9642267.151
622014.593,9642138.714
622049.449,9642081.588
622097.845,9642012.897
622093.535,9642000.318
622115.505,9641964.908
622172.294,9641881.489
622217.273,9641834.839
622271.213,9641783.19
622271.244,9641783.162
622326.402,9641734.09
622367.432,9641711.449
622376.292,9641706.56
622428.671,9641684.14
622483.551,9641666.83
622532.02,9641654.551
622588.12,9641642.341
622633.989,9641636.391
622613.691,9641697.763
622618.354,9641690.068
622668.716,9641676.359
622684.9,9641671.954
622745.603,9641696.235
622859.255,9641768.575
622919.822,9641795.535
622958.685,9641793.863
623001.214,9641789.184
623035.759,9641763.832
623079.435,9641707.004
623112.267,9641649.546
623127.324,9641607.888
623134.549,9641570.91
623126.187,9641499.932
623123.21,9641439.655
623148.497,9641316.431
623166.098,9641268.618
623240.637,9641180.077
623340.327,9641096.593
623452.376,9641036.752
623535.613,9640999.566
623591.902,9640973.797
623653.222,9640942.933
623715.996,9640911.338
623761.064,9640888.654
623813.393,9640862.316
623878.617,9640828.071
623968.105,9640777.244
624028.628,9640743.146
624121.931,9640683.647
624197.328,9640625.65
624263.546,9640574.713
624302.964,9640546.168
624358.659,9640510.285
624445.059,9640455.471
624502.091,9640420.103
624587.408,9640375.954
624639.942,9640346.072
624697.599,9640315.427
624773.718,9640276.27
624836.906,9640243.765
624912.372,9640173.663
624958.167,9640130.519
625012.012,9640081.187
625058.103,9640046.598
625131.269,9639991.691
625206.726,9639939.756
625254.237,9639907.628
625323.452,9639844.591
625340.007,9639829.514
625410.796,9639714.913
625434.976,9639638.346
625449.034,9639591.902
625465.948,9639509.967
625480.835,9639420.307
625487.901,9639378.854
625502.411,9639290.612
625517.382,9639241.338
625543.177,9639182.54
625589.284,9639082.916
625635.083,9638974.101
625676.649,9638870.554
625722.066,9638798.731
625772.969,9638718.234
625802.648,9638682.739
625836.242,9638653.767
625890.542,9638619.088
625949.808,9638581.237
626024.141,9638552.348
626139.449,9638510.163
626180.746,9638497.803
626317.42,9638456.897
626392.762,9638470.319
626554.785,9638483.973
626933.677,9638518.343
627110.393,9638554.478
627185.054,9638565.818
627270.606,9638584.577
627359.603,9638581.377
627392.668,9638578.927
627489.268,9638541.808
627551.504,9638500.151
627615.52,9638459.613
627666.662,9638429.22
627709.912,9638387.205
627779.661,9638311.666
627789.456,9638296.63
627854.211,9638197.225
627921.862,9638093.797
627974.551,9638019.642
628032.847,9637906.119
628186.989,9637751.976
628252.958,9637688.807
628382.9,9637606.992
628460.126,9637573.985
628501.36,9637559.336
628580.327,9637555.663
628623.199,9637553.669
628624.363,9637484.851
628625.166,9637484.921
628624.507,9637476.352
628619.73,9637414.261
628604.872,9637372.658
628590.059,9637370.129
628588.8,9637369.914
628571.132,9637371.605
628524.063,9637367.925
628519.303,9637366.721
628514.599,9637365.532
628474.433,9637355.375
628422.243,9637339.015
628381.434,9637307.385
628341.864,9637263.056
628316.284,9637221.236
628300.894,9637183.187
628250.764,9637030.978
628213.435,9636900.319
628192.785,9636839.18
628183.875,9636812.79
628110.985,9636696.201
628082.845,9636648.041
628068.726,9636609.992
628062.196,9636561.762
628060.736,9636507.173
628066.705,9636397.974
628052.555,9636351.034
628025.726,9636316.834
627991.276,9636281.385
627955.556,9636249.745
627803.817,9636128.286
627724.788,9636075.177
627675.088,9636044.847
627587.219,9636007.008
627543.959,9635998.238
627396.451,9635996.108
627295.431,9635991.128
627233.652,9635985.138
627185.292,9635975.118
627131.813,9635954.949
627087.233,9635933.489
627072.993,9635924.659
627093.383,9635875.069
627163.802,9635646.361
627181.422,9635594.262
627211.782,9635549.742
627239.651,9635520.462
627291.401,9635460.603
627288.691,9635364.164
627292.301,9635305.754
627299.646,9635253.086
627299.928,9635251.059
627300.189,9635249.187
627295.293,9635244.127
627279.126,9635227.423
627279.117,9635227.413
627258.714,9635206.331
627172.537,9635170.671
626775.822,9635011.691
626692.616,9634973.057
626497.974,9634904.711
626421.417,9634880.839
626418.627,9634879.969
626221.61,9634818.534
626184.465,9634809.619
626136.342,9634790.369
626127.684,9634786.906
626107.25,9634778.732
626089.567,9634771.659
626084.268,9634769.539
626084.549,9634769.347
626076.666,9634766.498
626076.662,9634766.496
626061.352,9634760.197
625951.192,9634711.556
625667.397,9634619.432
625511.387,9634552.571
625282.571,9634466.396
625181.535,9634423.304
625165.192,9634396.558
625150.334,9634340.1
625145.874,9634230.148
625136.782,9634041.509
625136.508,9634035.833
625134.309,9633990.197
625063.187,9633872.341
625056.921,9633866.458
625059.23,9633865.786
625095.336,9633855.273
625096.758,9633854.859
625100.042,9633853.904
625125.628,9633846.459
625430.835,9633752.94
625464.585,9633740.21
625489.204,9633492.722
625497.404,9633293.384
625468.924,9633150.005
625472.444,9633131.075
625524.453,9633031.776
625561.483,9632940.297
625560.803,9632929.757
625550.613,9632913.427
625543.158,9632906.16
625524.103,9632887.587
625322.425,9632747.709
625316.923,9632741.513
625307.845,9632731.289
625304.625,9632713.719
625309.295,9632691.699
625326.075,9632666.679
625346.134,9632656.489
625578.602,9632597.2
625585.202,9632588.52
625585.892,9632571.66
625581.342,9632540.64
625571.342,9632378.481
625823.56,9632481.92
625842.59,9632495.78
625937.849,9632519.75
625988.569,9632541.68
626074.818,9632575.289
626116.688,9632589.539
626166.147,9632608.919
626342.506,9632669.788
626385.675,9632678.968
626406.015,9632681.358
626415.075,9632456.71
626384.135,9632336.181
626376.28,9631657.948
626376.27,9631657.116
626369.954,9631111.722
626338.454,9630933.203
626318.134,9630887.484
626253.378,9630815.817
626252.724,9630815.094
626252.512,9630815.176
626252.169,9630815.308
626220.775,9630827.374
626132.715,9630837.954
625998.294,9630847.571
625997.221,9630847.648
625997.205,9630847.649
625986.787,9630848.394
625812.038,9630897.014
625766.319,9630900.184
625719.359,9630896.574
625695.839,9630883.044
625688.616,9630875.59
625676.149,9630862.724
625610.111,9630763.493
625610.08,9630763.445
625599.002,9630746.802
625575.09,9630710.877
625574.583,9630710.117
625544.71,9630665.236
625511.051,9630625.867
625507.658,9630623.216
625470.411,9630594.117
625469.077,9630591.376
625458.981,9630570.627
625450.731,9630514.748
625443.241,9630503.767
625437.941,9630495.998
625418.531,9630477.358
625398.313,9630457.948
625336.432,9630398.539
625301.502,9630354.089
625226.573,9630278.53
625206.413,9630263.42
625179.583,9630251.86
625006.864,9630228.361
624973.215,9630209.951
624952.255,9630180.741
624917.335,9630108.352
624914.772,9630104.994
624898.915,9630084.222
624862.175,9630070.212
624821.446,9630072.152
624771.916,9630082.312
624551.298,9630157.242
624492.319,9630171.532
624414.769,9630176.292
624355.72,9630164.232
624292.85,9630133.112
624164.581,9630047.393
624132.345,9630020.663
624128.807,9630017.73
624090.292,9629985.794
624052.192,9629966.114
624017.423,9629953.574
623957.573,9629942.614
623930.733,9629942.965
623810.134,9629973.624
623739.135,9629964.205
623685.165,9629929.285
623645.796,9629887.375
623594.356,9629803.556
623502.937,9629611.048
623495.297,9629600.358
623452.757,9629572.418
623335.918,9629527.329
623309.878,9629468.279
623299.73,9629453.737
623298.172,9629451.505
623286.388,9629434.62
623274.958,9629381.28
623280.038,9629368.58
623313.688,9629355.88
623364.488,9629315.241
623378.457,9629272.061
623381.637,9629192.052
623376.478,9629158.075
623376.404,9629157.588
623375.263,9629150.075
623375.016,9629148.451
623370.837,9629120.932
623368.611,9629116.479
623363.108,9629105.473
623362.704,9629104.665
623362.159,9629105.204
623362.005,9629105.356
623353.487,9629113.782
623349.963,9629117.272
623348.285,9629117.343
623348.072,9629117.352
623326.954,9629118.25
623281.401,9629120.187
623255.205,9629125.188
623125.899,9629175.327
623030.898,9629267.689
622941.175,9629431.301
622906.869,9629521.024
622888.734,9629692.012
622888.397,9629695.192
622885.758,9629898.387
622888.533,9629938.345
622868.668,9629938.345
622864.187,9629938.141
622860.758,9629937.984
622835.173,9629937.984
622813.227,9629937.984
622809.475,9629937.665
622806.418,9629937.405
622806.413,9629937.405
622756.272,9629937.405
622752.777,9629937.284
622748.949,9629937.152
622719.045,9629937.419
622712.541,9629937.476
622698.223,9629937.604
622697.867,9629937.607
622695.372,9629937.629
622689.923,9629937.896
622686.481,9629938.064
622691.285,9629952.476
622697.019,9629970.955
622700.665,9629982.706
622701.59,9629985.688
622706.225,9629999.373
622711.478,9630016.334
622713.996,9630024.465
622720.334,9630036.697
622726.226,9630048.069
622730.313,9630048.554
622736.551,9630049.295
622736.648,9630049.319
622738.877,9630049.877
622738.974,9630049.902
622749.251,9630052.475
622762.185,9630050.756
622762.409,9630050.727
622765.674,9630050.293
622770.139,9630049.699
622771.397,9630049.532
622830.276,9630041.709
622895.853,9630043.748
622898.953,9630088.389
622904.23,9630222.973
622869.925,9630299.501
622806.591,9630328.529
622789.942,9630331.947
622772.814,9630335.464
622755.484,9630326.953
622748.974,9630323.756
622741.185,9630319.931
622740.924,9630319.803
622738.367,9630317.899
622711.094,9630297.593
622679.965,9630263.293
622637.425,9630176.294
622603.765,9630082.315
622560.585,9630049.295
622525.026,9630035.325
622492.646,9630046.755
622362.467,9630151.534
622239.918,9630281.704
622197.369,9630298.853
622145.166,9630285.803
622141.489,9630284.884
622116.729,9630268.374
622092.6,9630237.254
622083.42,9630183.324
622083.425,9630158.077
622083.425,9630156.424
622083.43,9630135.015
622070.37,9630095.015
622022.75,9630068.986
621955.441,9630058.186
621909.726,9630061.545
621843.042,9630066.446
621785.262,9630053.106
621758.592,9630053.746
621735.092,9630060.726
621717.313,9630082.956
621694.453,9630094.386
621684.343,9630093.246
621667.783,9630112.166
621621.084,9630144.445
621600.868,9630153.147
621598.896,9630153.996
621591.588,9630157.142
621591.457,9630157.198
621533.804,9630182.015
621506.495,9630190.265
621412.515,9630199.155
621378.226,9630216.305
621336.316,9630251.225
621304.566,9630265.835
621190.907,9630289.325
621005.489,9630360.444
620920.4,9630383.944
620920.4,9630388.384
620884.2,9630375.054
620809.271,9630297.585
620796.031,9630289.845
620775.621,9630286.785
620755.301,9630291.235
620722.912,9630320.445
620682.232,9630332.945
620623.182,9630337.665
620566.073,9630322.345
620540.503,9630320.485
620522.913,9630322.835
620492.764,9630345.225
620473.914,9630368.785
620459.394,9630397.274
620437.164,9630462.044
620428.914,9630472.204
620416.214,9630475.384
620388.905,9630472.844
620330.695,9630437.114
620301.275,9630412.515
620273.335,9630378.865
620260.636,9630371.875
620223.176,9630380.135
620211.746,9630376.955
620183.166,9630345.205
620169.886,9630338.155
620147.267,9630336.975
620122.207,9630343.305
620098.267,9630365.255
620092.337,9630372.728
620083.477,9630365.525
620045.377,9630296.946
619992.038,9630231.547
619860.589,9630150.897
619773.599,9630088.038
619771.028,9630086.922
619739.94,9630073.428
619674.54,9630074.068
619628.821,9630058.188
619590.721,9630038.509
619539.281,9629990.249
619504.992,9629975.009
619415.462,9629987.709
619372.283,9629983.899
619268.144,9629947.07
619056.685,9629903.89
618868.097,9629892.461
618772.208,9629900.711
618746.808,9629910.241
618336.475,9630108.679
618336.922,9630097.539
618328.982,9630078.51
618317.552,9630072.8
618287.412,9630077.29
618263.542,9630092.61
618243.443,9630114.999
618222.303,9630131.849
618219.507,9630133.463
618195.835,9630147.122
618195.021,9630147.592
618172.773,9630160.429
618149.284,9630164.239
618112.784,9630162.119
618066.094,9630148.999
618016.045,9630118.54
617977.195,9630086.77
617927.665,9630068.35
617803.206,9630044.221
617714.307,9630044.221
617693.987,9630033.431
617666.048,9629997.871
617603.188,9629947.702
617574.188,9629933.572
617537.149,9629926.752
617441.259,9629927.382
617415.86,9629917.222
617316.17,9629806.103
617288.001,9629783.943
617255.331,9629778.054
617228.541,9629781.334
617184.092,9629808.643
617157.422,9629832.773
617109.162,9629899.443
617048.203,9629940.082
617024.703,9629942.622
616990.243,9629937.102
616960.094,9629952.422
616935.174,9629992.792
616881.638,9630130.357
616880.179,9630134.107
616876.115,9630144.551
616832.295,9630214.4
616823.895,9630236.85
616798.645,9630271.55
616776.156,9630288.68
616620.847,9630363.629
616569.417,9630401.089
616436.699,9630559.208
616418.369,9630576.827
616392.249,9630591.587
616360.31,9630605.597
616173.033,9630666.114
616170.013,9630667.09
615906.484,9630752.246
615609.306,9630895.116
615539.826,9630921.397
615510.247,9630932.585
615486.284,9630937.804
615486.207,9630937.821
615456.256,9630944.344
615444.22,9630945.788
615310.182,9630925.603
615309.52,9630925.503
615042.031,9630885.221
615031.963,9630883.704
614511.998,9630840.585
614511.772,9630840.566
614362.958,9630828.226
614362.007,9630828.147
614099.555,9630806.383
613963.509,9630787.366
613856.362,9630772.388
613676.559,9630747.254
613453.679,9630723.699
613444.939,9630722.775
613215.562,9630698.532
613117.112,9630688.127
612960.055,9630672.222
612955.097,9630671.72
612870.868,9630663.19
612757.793,9630651.74
612720.179,9630649.483
612712.777,9630649.039
612633.787,9630644.299
612530.375,9630638.095
612361.112,9630616.369
612338.544,9630613.472
612275.174,9630614.821
612193.818,9630616.554
612163.025,9630615.012
612118.021,9630598.339
612111.082,9630570.583
612108.306,9630509.518
612106.918,9630451.228
612113.857,9630379.06
612091.652,9630299.953
612095.816,9630263.869
612115.245,9630234.725
612137.451,9630204.192
612169.371,9630179.211
612201.292,9630159.781
612227.661,9630134.8
612238.763,9630107.043
612222.109,9630083.45
612134.675,9630052.917
612027.811,9630022.385
611979.237,9630004.343
611958.419,9629977.974
611929.274,9629936.338
611875.49,9629906.896
611798.133,9629917.559
611725.608,9629908.755
611648.583,9629868.161
611578.844,9629868.161
611509.105,9629911.878
611454.568,9629971.041
611406.058,9629993.066
611347.768,9629986.821
611304.204,9629970.367
611254.089,9629939.981
611153.123,9629925.409
611108.365,9629968.085
611053.199,9630035.743
611006.676,9630099.12
610924.129,9630114.85
610861.676,9630139.831
610847.641,9630157.488
610847.404,9630272.675
610847.188,9630377.519
610799.088,9630459.139
610770.519,9630494.068
610705.749,9630556.928
610674,9630575.348
610653.68,9630581.698
610537.471,9630618.527
610519.691,9630638.207
610510.801,9630659.797
610504.451,9630691.547
610503.181,9630712.506
610508.261,9630758.856
610515.251,9630781.086
610545.731,9630850.295
610587.001,9630912.524
610627.64,9630949.994
610670.19,9630976.664
610713.37,9630995.714
610724.8,9630996.344
610736.229,9630993.174
610752.739,9630974.124
610764.169,9630953.164
610777.499,9630921.414
610800.999,9630854.745
610848.708,9630800.225
610848.728,9630821.185
610790.199,9631002.063
610782.579,9631033.813
610778.769,9631054.133
610776.749,9631067.503
610771.749,9631137.982
610771.749,9631167.542
610768.409,9631206.052
610734.92,9631262.971
610704.79,9631293.111
610679.67,9631324.92
610634.471,9631363.43
610592.611,9631390.21
610554.102,9631415.33
610518.952,9631438.77
610485.462,9631455.509
610453.653,9631473.929
610423.513,9631495.689
610408.453,9631509.079
610398.403,9631527.499
610399.013,9631532.579
610403.943,9631541.099
610411.793,9631547.589
610435.233,9631557.639
610454.663,9631558.688
610471.503,9631559.388
610496.422,9631557.108
610550.762,9631540.899
610599.311,9631515.779
610639.491,9631490.669
610669.771,9631460.479
610696.41,9631430.399
610719.85,9631400.26
610746.64,9631378.49
610763.16,9631366.48
610775.099,9631363.43
610824.979,9631361.94
610849.269,9631361.94
610849.319,9631409.41
610821.139,9631403.77
610776.78,9631398.58
610767.98,9631400.22
610748.7,9631408.66
610739.94,9631416.999
610716.5,9631438.769
610690.86,9631469.519
610674.651,9631494.019
610644.511,9631525.828
610626.101,9631542.568
610607.681,9631557.638
610585.911,9631569.358
610540.882,9631579.518
610501.022,9631589.488
610465.183,9631594.468
610411.343,9631599.468
610359.024,9631611.928
610324.154,9631626.888
610317.414,9631633.908
610314.724,9631641.978
610316.674,9631651.818
610319.164,9631684.227
610319.164,9631891.145
610316.674,9631945.995
610306.715,9631988.375
610281.805,9632030.764
610244.435,9632101.593
610222.015,9632146.463
610213.766,9632162.223
610210.487,9632169.364
610209.556,9632171.393
610207.816,9632183.423
610209.556,9632288.572
610219.516,9632325.961
610221.787,9632329.825
610244.435,9632368.351
610261.265,9632395.811
610281.805,9632430.67
610296.745,9632468.07
610314.185,9632502.96
610324.155,9632540.359
610344.085,9632595.199
610354.045,9632650.048
610349.065,9632699.908
610341.585,9632762.237
610336.185,9632805.557
610329.245,9632809.287
610324.735,9632814.197
610322.659,9632817.585
610322.345,9632818.097
610324.344,9632835.851
610324.735,9632839.327
610323.115,9632846.466
610313.915,9632855.656
610308.165,9632860.256
610297.419,9632868.894
610294.606,9632871.156
610266.146,9632896.286
610246.056,9632919.746
610229.745,9632933.548
610224.276,9632938.176
610217.116,9632942.388
610182.157,9632962.955
610166.102,9632979.016
610154.747,9632990.375
610139.1,9632999.41
610089.978,9633027.775
610060.944,9633058.44
610045.138,9633075.135
610012.091,9633112.928
610010.258,9633115.024
609965.419,9633174.864
609924.878,9633228.958
609920.579,9633234.693
609905.91,9633243.5
609858.3,9633272.083
609838.166,9633305.05
609830.89,9633316.962
609820.461,9633328.559
609808.471,9633341.892
609803.491,9633371.812
609813.451,9633391.752
609833.38,9633406.712
609853.31,9633419.172
609870.75,9633434.131
609893.17,9633456.571
609923.07,9633461.561
609950.469,9633461.561
609976.376,9633444.275
609980.369,9633441.611
609980.821,9633441.159
610002.789,9633419.171
610002.789,9633416.993
610002.789,9633361.832
610000.299,9633326.932
610015.239,9633297.013
610030.188,9633262.113
610067.558,9633244.663
610092.816,9633244.663
610094.958,9633244.663
610139.807,9633247.153
610164.717,9633254.633
610207.067,9633264.613
610244.436,9633274.582
610245.161,9633274.634
610279.306,9633277.072
610314.186,9633277.072
610341.586,9633282.062
610361.515,9633294.522
610391.415,9633329.422
610411.345,9633361.831
610428.785,9633389.261
610448.715,9633419.171
610463.665,9633444.111
610483.594,9633454.081
610528.434,9633454.08
610548.364,9633456.57
610578.253,9633469.04
610598.183,9633486.49
610615.623,9633508.92
610628.083,9633528.87
610638.043,9633546.319
610650.503,9633568.759
610660.463,9633603.659
610680.393,9633603.659
610705.302,9633601.169
610720.252,9633591.199
610757.622,9633571.249
610792.502,9633558.789
610819.901,9633556.289
610851.441,9633556.289
610926.72,9633547.279
610968.7,9633529.559
611080.649,9633472.58
611151.918,9633418.08
611227.027,9633354.691
611257.047,9633317.741
611267.387,9633289.751
611272.527,9633261.362
611267.717,9633240.972
611254.137,9633225.092
611227.277,9633215.002
611153.578,9633200.912
611083.718,9633179.223
611028.079,9633139.503
610946.59,9633096.263
610896.29,9633122.213
610851.171,9633115.313
610825.491,9633095.664
610791.471,9633077.104
610814.881,9633048.454
610851.08,9633025.674
610947.93,9633062.184
611008.879,9633092.753
611143.478,9633167.883
611279.257,9633202.402
611289.537,9633209.232
611295.466,9633217.862
611311.106,9633248.142
611316.146,9633271.011
611310.096,9633293.711
611280.407,9633354.771
611238.347,9633422.02
611153.058,9633491.74
611077.979,9633544.969
611023.619,9633567.799
610957.16,9633582.879
610851.501,9633610.699
610817.411,9633606.149
610794.992,9633611.139
610772.572,9633633.579
610727.732,9633658.508
610700.323,9633675.958
610680.393,9633675.958
610670.433,9633665.988
610638.043,9633631.079
610610.643,9633601.169
610598.183,9633578.729
610588.223,9633561.279
610570.784,9633538.84
610555.834,9633526.38
610525.944,9633516.4
610486.084,9633516.4
610461.165,9633511.42
610423.805,9633476.51
610398.885,9633444.111
610359.025,9633411.701
610329.136,9633384.271
610306.716,9633351.861
610284.296,9633326.932
610256.886,9633304.492
610182.157,9633304.492
610152.403,9633308.217
610142.297,9633309.482
610112.398,9633309.482
610087.488,9633319.452
610060.088,9633354.362
610047.628,9633386.772
610037.659,9633429.151
610037.659,9633461.561
610018.97,9633501.301
610017.729,9633503.941
610011.13,9633506.691
609994.826,9633513.488
609987.839,9633516.4
609940.51,9633531.36
609888.31,9633527.08
609864.65,9633514.631
609843.47,9633497.191
609812.331,9633487.221
609787.421,9633483.481
609761.261,9633483.481
609726.381,9633485.981
609716.683,9633488.693
609706.185,9633491.63
609695.242,9633494.691
609652.892,9633500.921
609604.313,9633512.131
609549.503,9633525.841
609499.684,9633537.051
609446.124,9633550.751
609405.015,9633561.961
609345.225,9633583.13
609328.962,9633591.806
609307.866,9633603.06
609270.496,9633621.75
609220.666,9633650.4
609190.777,9633674.07
609155.897,9633690.26
609130.987,9633716.419
609111.058,9633740.069
609098.598,9633759.999
609073.688,9633787.409
609051.268,9633816.059
609032.689,9633837.729
609028.848,9633842.208
609025.01,9633845.408
608991.479,9633873.358
608960.339,9633903.248
608934.217,9633927.734
608922.019,9633939.167
608917.604,9633940.827
608904.22,9633945.857
608899.86,9633948.567
608896.22,9633951.887
608880.897,9633969.757
608870.83,9633981.497
608863.93,9633987.337
608821.144,9634017.217
608808.501,9634026.047
608755.081,9634066.136
608710.562,9634110.686
608663.822,9634155.236
608621.533,9634193.105
608588.143,9634230.975
608565.883,9634262.155
608551.403,9634293.805
608541.573,9634312.184
608515.224,9634359.044
608494.724,9634405.904
608480.074,9634455.683
608491.794,9634523.042
608500.574,9634566.972
608512.294,9634602.112
608526.934,9634634.331
608538.644,9634678.261
608544.504,9634698.761
608547.434,9634736.83
608539.451,9634787.369
608538.644,9634792.48
608518.894,9634848.907
608518.144,9634851.049
608500.574,9634889.119
608484.405,9634932.919
608489.135,9634945.348
608512.674,9634988.858
608529.544,9635013.278
608554.064,9635058.597
608571.164,9635084.237
608596.804,9635118.437
608616.754,9635192.516
608633.843,9635238.106
608656.643,9635283.695
608668.453,9635310.665
608682.283,9635337.835
608693.963,9635359.514
608706.983,9635376.884
608716.473,9635389.124
608725.023,9635397.664
608742.123,9635403.364
608767.762,9635377.724
608774.832,9635364.944
608782.012,9635352.074
608794.588,9635336.215
608802.652,9635326.045
608803.037,9635326.376
608813.052,9635334.984
608823.512,9635350.834
608833.002,9635366.324
608834.772,9635375.184
608835.829,9635390.217
608836.152,9635394.814
608822.984,9635404.806
608822.592,9635405.104
608787.712,9635414.764
608784.862,9635448.953
608781.342,9635496.823
608784.862,9635514.493
608790.022,9635526.133
608804.802,9635540.133
608841.852,9635562.932
608867.492,9635580.022
608901.681,9635611.372
608927.331,9635642.711
608941.851,9635644.241
608951.111,9635642.921
608959.711,9635638.951
608967.221,9635628.462
608979.204,9635607.915
608987.161,9635594.272
608995.71,9635562.932
609015.66,9635537.282
609023.21,9635531.122
609029.17,9635530.462
609035.6,9635534.432
609036.605,9635543.474
609038.45,9635560.082
609044.15,9635608.522
609055.55,9635654.111
609064.1,9635694.001
609067,9635701.741
609072.64,9635716.791
609092.58,9635745.28
609108.54,9635756.7
609129.619,9635768.08
609152.419,9635779.48
609183.759,9635790.87
609206.549,9635799.42
609220.799,9635799.42
609260.688,9635782.33
609286.338,9635768.08
609288.292,9635766.684
609306.278,9635753.83
609329.077,9635731.04
609357.567,9635705.39
609368.967,9635676.901
609371.817,9635648.411
609340.467,9635605.671
609326.227,9635565.782
609320.527,9635560.082
609303.428,9635568.622
609286.338,9635582.872
609277.888,9635589.332
609269.288,9635589.992
609263.538,9635588.572
609254.988,9635574.322
609246.448,9635554.382
609246.448,9635540.132
609260.688,9635520.192
609274.948,9635485.993
609294.888,9635457.503
609299.067,9635443.803
609294.887,9635411.913
609289.197,9635383.424
609269.248,9635354.924
609246.458,9635332.134
609240.758,9635323.584
609229.358,9635300.794
609226.508,9635269.445
609223.658,9635235.255
609217.958,9635206.765
609206.558,9635178.266
609183.768,9635138.376
609169.518,9635118.436
609126.779,9635101.336
609123.929,9635087.086
609135.329,9635078.547
609166.668,9635087.086
609175.47,9635089.601
609186.618,9635092.786
609220.808,9635095.636
609237.405,9635079.047
609240.758,9635075.696
609254.997,9635069.997
609259.062,9635069.996
609269.247,9635069.996
609272.097,9635104.186
609263.547,9635141.226
609254.998,9635183.965
609254.998,9635226.705
609266.398,9635272.295
609300.587,9635315.034
609334.787,9635354.924
609351.867,9635400.513
609363.267,9635431.863
609377.517,9635466.053
609382.407,9635484.152
609372.487,9635549.642
609377.517,9635577.172
609397.457,9635611.371
609417.407,9635637.011
609425.946,9635651.261
609437.696,9635660.661
609455.946,9635664.711
609465.846,9635662.651
609481.436,9635655.461
609511.646,9635635.911
609520.806,9635626.011
609526.487,9635615.786
609550.735,9635572.141
609581.585,9635498.082
609639.184,9635417.853
609680.334,9635349.963
609715.303,9635298.534
609750.273,9635236.814
609772.903,9635162.765
609807.872,9635082.536
609824.332,9635033.166
609853.132,9634959.107
609871.652,9634915.907
609898.391,9634864.478
609921.021,9634813.048
609948.271,9634774.749
609961.671,9634762.319
609986.98,9634725.509
610020.078,9634700.684
610023.79,9634697.899
610070.486,9634655.109
610074.359,9634651.56
610074.583,9634651.405
610117.019,9634622.03
610122.819,9634615.78
610126.607,9634609.368
610128.839,9634605.59
610129.629,9634598.96
610120.419,9634578.26
610104.319,9634569.05
610072.119,9634562.15
610023.8,9634559.851
609986.34,9634547.711
609966.28,9634536.841
609947.34,9634517.841
609942.43,9634516.521
609960.06,9634490.431
609967.76,9634500.891
609978.04,9634513.691
609987.17,9634522.821
610001.93,9634528.241
610006.144,9634528.892
610056.499,9634536.671
610093.749,9634542.871
610109.277,9634546.095
610133.92,9634551.211
610138.589,9634552.181
610172.758,9634576.11
610178.808,9634579.2
610188.988,9634581.98
610200.088,9634582.95
610261.588,9634565.85
610329.927,9634521.401
610388.006,9634483.791
610476.635,9634445.661
610524.675,9634425.661
610586.174,9634422.241
610647.674,9634449.601
610671.594,9634480.371
610702.343,9634517.98
610729.683,9634559.01
610753.593,9634596.629
610777.513,9634641.079
610783.003,9634643.489
610790.343,9634644.059
610795.993,9634643.209
610801.053,9634637.689
610806.553,9634604.287
610809.192,9634588.259
610808.072,9634571.41
610790.102,9634475.911
610775.493,9634389.411
610773.242,9634326.502
610781.112,9634287.182
610791.447,9634272.512
610806.112,9634251.693
610823.082,9634231.323
610852.092,9634215.193
610911.011,9634228.293
610948.881,9634255.382
610987.98,9634286.282
611023.27,9634315.882
611103.699,9634406.951
611163.879,9634487.64
611196.409,9634589.329
611186.788,9634584.39
611139.779,9634560.259
611107.19,9634536.76
611049.87,9634478.48
611028.523,9634444.7
611014.12,9634421.911
610971.892,9634372.799
610961.921,9634361.201
610899.405,9634332.784
610888.861,9634327.992
610883.932,9634385.001
610905.801,9634500.94
610932.611,9634559.86
610937.721,9634623.419
610930.026,9634672.603
610929.011,9634679.089
610908.832,9634725.148
610852.772,9634727.268
610833.262,9634730.498
610778.973,9634730.498
610728.073,9634710.128
610687.154,9634688.089
610668.934,9634668.649
610654.364,9634641.929
610633.714,9634613.999
610620.354,9634592.14
610605.784,9634565.41
610593.634,9634543.55
610577.845,9634521.69
610557.195,9634503.471
610529.265,9634499.831
610504.975,9634504.691
610483.115,9634521.69
610453.966,9634542.34
610430.256,9634562.65
610402.946,9634589.71
610371.347,9634613.26
610353.917,9634620.73
610337.367,9634624.93
610305.787,9634641.929
610274.208,9634656.509
610242.628,9634673.509
610215.908,9634688.089
610200.118,9634694.159
610153.888,9634711.779
610148.169,9634713.959
610080.899,9634757.009
610057.894,9634775.172
610035.835,9634792.588
610029.78,9634797.368
610005.57,9634818.888
609973.281,9634848.488
609962.521,9634880.768
609954.441,9634910.367
609955.091,9634935.287
609967.901,9634964.177
609966.751,9634979.397
609959.831,9634999.156
609938.301,9635050.276
609900.631,9635125.605
609862.972,9635222.464
609836.062,9635292.414
609809.153,9635362.373
609785.433,9635402.523
609749.963,9635478.062
609733.823,9635510.352
609680.994,9635566.201
609671.054,9635586.061
609667.084,9635603.941
609663.814,9635617.971
609663.834,9635628.051
609665.094,9635633.741
609672.794,9635651.061
609673.044,9635659.561
609671.324,9635665.94
609665.094,9635671.48
609639.275,9635693.33
609611.465,9635725.11
609599.545,9635737.03
609577.695,9635762.85
609563.795,9635780.729
609559.785,9635787.059
609558.565,9635795.299
609559.815,9635802.579
609565.775,9635824.429
609570.135,9635838.619
609572.305,9635863.399
609575.365,9635872.259
609578.765,9635878.889
609594.585,9635893.268
609601.925,9635905.538
609607.525,9635920.588
609624.785,9635959.418
609654.975,9636011.187
609685.174,9636065.827
609719.694,9636142.046
609749.894,9636183.746
609765.704,9636203.875
609784.404,9636234.075
609823.233,9636270.025
609849.113,9636297.354
609865.703,9636307.234
609939.662,9636353.804
609972.542,9636372.974
610005.912,9636378.109
610008.152,9636378.453
610030.072,9636351.064
610035.551,9636304.494
610038.291,9636266.144
610027.331,9636227.785
610041.031,9636194.915
610073.901,9636167.525
610098.561,9636151.085
610194.44,9636151.085
610254.709,9636134.645
610299.199,9636123.306
610345.398,9636114.386
610381.868,9636111.146
610399.198,9636105.376
610404.078,9636110.416
610410.688,9636113.036
610428.368,9636107.136
610449.007,9636095.346
610470.217,9636087.646
610475.237,9636087.156
610477.007,9636090.926
610471.027,9636098.176
610451.957,9636113.035
610423.948,9636124.825
610403.548,9636134.235
610353.328,9636134.645
610295.799,9636151.085
610232.789,9636167.525
610191.7,9636178.475
610131.43,9636183.955
610098.561,9636186.695
610071.161,9636230.525
610065.681,9636268.884
610065.681,9636348.324
610062.941,9636408.583
610046.501,9636471.592
610038.292,9636509.942
610054.722,9636597.611
610060.202,9636641.441
610069.317,9636660.806
610082.121,9636688.01
610137.591,9636742.8
610160.361,9636756.63
610184.16,9636759.24
610212.93,9636763.35
610248.54,9636764.72
610317.029,9636774.309
610367.709,9636778.419
610437.568,9636792.109
610530.707,9636797.589
610604.677,9636804.439
610658.096,9636812.659
610706.876,9636820.559
610739.665,9636820.029
610766.055,9636834.638
610796.435,9636849.638
610823.675,9636865.868
610854.734,9636877.868
610892.164,9636895.368
610928.474,9636921.437
610991.143,9636981.807
611016.483,9637068.296
611037.633,9637159.815
611077.153,9637263.524
611099.892,9637304.904
611102.312,9637309.304
611140.092,9637343.993
611197.572,9637368.933
611237.691,9637373.113
611294.181,9637356.933
611336.75,9637337.333
611401.95,9637299.613
611435.089,9637278.063
611467.689,9637253.814
611512.568,9637212.574
611560.378,9637148.935
611565.842,9637140.921
611600.988,9637089.375
611630.857,9637037.486
611645.657,9637005.576
611659.177,9636972.416
611734.026,9636820.667
611780.835,9636736.478
611794.77,9636716.478
611818.945,9636681.779
611837.445,9636619.719
611836.524,9636612.025
611833.735,9636588.73
611831.055,9636521.5
611818.955,9636480.161
611815.085,9636424.221
611820.065,9636378.712
611820.329,9636377.192
611839.154,9636269.053
611850.094,9636225.953
611862.195,9636168.234
611867.164,9636144.534
611884.744,9636080.764
611889.704,9636052.065
611884.184,9636033.365
611870.754,9636025.795
611863.714,9636025.215
611853.484,9636038.595
611834.934,9636086.284
611823.894,9636095.874
611797.695,9636098.684
611726.465,9636077.215
611709.145,9636077.915
611662.046,9636088.874
611641.046,9636088.404
611621.426,9636082.115
611597.957,9636072.315
611582.567,9636062.065
611563.107,9636042.625
611556.747,9636029.135
611554.827,9636013.725
611568.967,9636015.945
611587.967,9636016.525
611629.006,9636033.695
611661.286,9636039.205
611690.336,9636027.165
611710.845,9636024.055
611727.075,9636022.895
611739.035,9636023.665
611750.995,9636027.555
611797.695,9636037.025
611803.545,9636033.765
611814.644,9636018.235
611827.734,9635986.505
611880.764,9635972.255
611925.241,9635983.883
611930.413,9635985.235
612008.003,9635951.705
612030.612,9635953.375
612051.032,9635964.625
612105.192,9636007.935
612165.501,9636040.764
612204.301,9636051.584
612301.883,9636054.596
612307.658,9636054.775
612321.9,9636055.214
612360.419,9636060.554
612399.599,9636072.424
612447.919,9636100.924
612485.788,9636140.693
612537.368,9636185.213
612599.397,9636210.732
612652.947,9636222.602
612701.916,9636219.042
612741.956,9636203.012
612773.856,9636193.172
612812.165,9636178.292
612847.995,9636157.023
612886.415,9636130.703
612917.924,9636115.783
612931.144,9636109.523
612976.964,9636107.433
612981.234,9636108.607
613020.103,9636119.293
613026.225,9636124.757
613050.363,9636146.303
613074.029,9636177.675
613075.483,9636179.602
613089.053,9636222.972
613102.173,9636312.111
613126.863,9636389.02
613136.932,9636400.19
613151.562,9636396.44
613176.632,9636372.61
613184.202,9636361.149
613199.971,9636337.275
613230.871,9636290.491
613245.423,9636276.133
613246.661,9636274.911
613251.335,9636272.71
613264.181,9636266.661
613287.831,9636269.791
613311.071,9636284.921
613333.591,9636323.291
613354.37,9636373.22
613369.12,9636385.92
613391.43,9636392.52
613406.07,9636385.28
613418.39,9636375.36
613426.08,9636361.07
613441.461,9636316.435
613443.109,9636311.651
613458.849,9636280.351
613467.689,9636269.931
613469.444,9636269.734
613477.499,9636268.831
613489.119,9636275.231
613510.709,9636293.241
613531.859,9636341.77
613558.108,9636389.08
613581.928,9636424.899
613647.288,9636505.658
613660.732,9636540.58
613662.168,9636544.308
613662.068,9636559.928
613650.808,9636579.768
613636.338,9636589.548
613589.998,9636590.928
613514.269,9636590.648
613488.589,9636599.558
613452.75,9636625.818
613382.19,9636686.157
613310.251,9636757.936
613275.692,9636779.206
613241.032,9636810.656
613270.022,9636838.916
613319.541,9636848.306
613365.181,9636864.015
613403.17,9636882.185
613433.42,9636910.465
613467.52,9636936.225
613502.81,9636969.634
613450.71,9636964.034
613408.97,9636939.465
613372.311,9636914.945
613335.601,9636896.785
613310.77,9636892.714
613286.072,9636888.665
613241.642,9636878.055
613202.552,9636843.346
613201.835,9636838.998
613194.142,9636792.396
613221.172,9636760.867
613236.982,9636749.594
613339.031,9636676.837
613353.576,9636664.414
613375.16,9636645.977
613407.28,9636614.508
613431.62,9636588.168
613449.595,9636574.526
613475.299,9636555.018
613529.799,9636551.548
613552.049,9636552.448
613600.598,9636558.588
613606.238,9636553.538
613608.076,9636549.148
613609.988,9636544.578
613612.798,9636529.858
613608.298,9636519.228
613580.608,9636495.868
613545.319,9636453.219
613521.289,9636405.65
613498.789,9636336.65
613491.749,9636327.05
613484.509,9636325.36
613450.015,9636379.776
613442.76,9636391.221
613431.82,9636408.48
613408.7,9636429.409
613388.42,9636439.989
613373.51,9636439.649
613359.34,9636429.95
613330.181,9636388.01
613305.931,9636345.78
613282.461,9636322.301
613264.431,9636331.531
613232.642,9636378.574
613227.232,9636386.58
613214.703,9636401.396
613175.022,9636448.32
613154.662,9636452.5
613133.033,9636444.62
613108.893,9636425.57
613092.473,9636401.62
613070.943,9636357.14
613055.773,9636316.471
613044.413,9636272.011
613036.853,9636228.422
613014.093,9636169.092
613006.843,9636155.582
612989.705,9636142.525
612986.184,9636139.843
612945.514,9636137.243
612906.074,9636158.773
612864.085,9636184.112
612822.105,9636205.632
612775.046,9636222.072
612722.184,9636244.259
612693.636,9636256.242
612644.047,9636266.322
612594.477,9636267.522
612548.738,9636261.102
612506.838,9636233.092
612468.769,9636202.563
612431.979,9636165.673
612405.349,9636130.073
612391.333,9636114.333
612373.639,9636094.464
612337.589,9636077.011
612336.81,9636076.634
612288.52,9636072.754
612246.56,9636079.034
612171.701,9636099.314
612157.591,9636098.674
612146.121,9636094.124
612066.152,9636039.395
612024.242,9636019.015
611998.953,9636021.755
611978.463,9636032.915
611951.713,9636065.894
611927.493,9636102.684
611918.646,9636118.974
611901.994,9636149.634
611884.104,9636204.213
611878.944,9636246.113
611873.694,9636338.812
611876.144,9636387.081
611879.422,9636399.165
611887.514,9636429.001
611896.324,9636476.001
611913.488,9636505.516
611922.934,9636521.76
611957.204,9636549.75
611990.203,9636573.93
612061.293,9636621.029
612134.932,9636666.859
612180.652,9636688.508
612234.001,9636705.108
612282.281,9636715.338
612334.38,9636723.038
612392.8,9636745.988
612438.479,9636790.497
612465.089,9636833.717
612482.819,9636871.846
612484.821,9636891.177
612487.819,9636920.116
612477.559,9636970.895
612457.149,9637012.775
612434.2,9637049.565
612406.17,9637088.894
612394.71,9637101.734
612375.6,9637123.134
612346.351,9637166.214
612344.968,9637188.352
612343.881,9637205.753
612366.521,9637225.993
612415.51,9637218.103
612426.295,9637204.368
612442.68,9637183.503
612455.65,9637138.504
612454.45,9637097.854
612463.884,9637077.516
612471.659,9637060.754
612507.539,9637042.225
612545.979,9637039.755
612642.138,9637078.904
612584.391,9637083.055
612531.669,9637086.844
612506.449,9637094.754
612502.035,9637166.483
612498.99,9637215.971
612497.179,9637245.393
612488.549,9637261.753
612464.024,9637273.992
612440.7,9637285.632
612400.76,9637319.972
612457.61,9637315.722
612516.189,9637298.082
612559.789,9637294.132
612613.548,9637298.822
612645.998,9637303.252
612667.907,9637307.727
612718.207,9637318.002
612753.097,9637326.852
612792.847,9637363.731
612803.597,9637403.551
612779.257,9637445.961
612737.067,9637470.67
612698.938,9637486.16
612662.098,9637503.45
612631.948,9637559.46
612630.587,9637588.019
612629.988,9637600.569
612634.105,9637624.377
612639.158,9637653.599
612656.858,9637712.588
612698.148,9637798.377
612713.65,9637833.884
612714.538,9637835.917
612750.118,9637900.516
612768.407,9637930.896
612779.767,9637954.976
612844.727,9638035.815
612878.777,9638067.925
612950.676,9638125.834
613008.065,9638155.644
613094.355,9638190.993
613137.544,9638199.943
613160.784,9638193.713
613168.113,9638187.186
613180.804,9638175.883
613188.014,9638156.093
613184.874,9638110.874
613177.154,9638088.254
613097.384,9637916.686
613084.744,9637876.026
613078.474,9637831.567
613079.814,9637790.927
613087.514,9637750.297
613107.924,9637710.978
613129.2,9637685.936
613134.722,9637679.436
613135.944,9637677.998
613136.473,9637677.685
613176.653,9637653.928
613218.623,9637641.288
613266.923,9637641.368
613312.652,9637655.408
613362.172,9637682.148
613396.441,9637707.597
613433.241,9637741.947
613461.141,9637778.807
613478.861,9637822.016
613495.291,9637870.296
613515.54,9637917.315
613539.61,9637963.075
613591.58,9638040.614
613614.4,9638077.484
613642.27,9638125.783
613679.079,9638156.313
613699.163,9638157.6
613740.079,9638160.223
613757.155,9638124.458
613764.318,9638109.453
613751.708,9638056.104
613739.058,9638017.984
613737.85,9638012.809
613728.969,9637974.785
613721.439,9637920.165
613741.866,9637881.784
613744.398,9637877.025
613800.448,9637805.986
613822.137,9637762.846
613850.177,9637726.007
613844.648,9637749.98
613829.667,9637814.926
613776.028,9637958.345
613776.547,9637962.856
613778.118,9637976.505
613785.688,9637997.764
613796.688,9638007.774
613811.828,9638015.904
613830.578,9638014.314
613851.717,9638010.904
613869.607,9638002.774
613918.307,9637999.204
613953.836,9638034.814
613972.806,9638083.103
613984.6,9638129.37
613985.436,9638132.653
613991.706,9638177.112
613991.626,9638224.102
613985.856,9638294.901
613946.397,9638329.801
613916.337,9638342.011
613872.178,9638328.931
613807.358,9638322.821
613739.719,9638327.181
613722.646,9638340.014
613719.989,9638342.011
613719.049,9638386.501
613755.859,9638412.03
613785.191,9638447.761
613785.748,9638448.44
613784.897,9638452.755
613775.419,9638500.78
613770.98,9638525.956
613766.959,9638548.769
613753.809,9638576.679
613707.569,9638569.099
613696.9,9638569.313
613685.74,9638569.538
613677.71,9638569.699
613639.86,9638581.839
613628.027,9638604.276
613609.6,9638639.218
613571.081,9638676.748
613561.37,9638684.947
613551.821,9638693.008
613520.871,9638713.428
613487.362,9638749.108
613480.973,9638755.251
613450.442,9638784.607
613413.552,9638801.057
613391.482,9638805.158
613372.863,9638808.617
613325.843,9638807.277
613280.094,9638800.857
613190.104,9638777.318
613142.875,9638773.978
613088.215,9638777.708
613034.836,9638773.818
612987.786,9638788.988
612967.367,9638837.217
612943.137,9638877.817
612881.887,9638938.836
612893.567,9638877.747
612924.147,9638839.687
612945.817,9638800.358
612963.687,9638761.008
612977.056,9638745.488
612994.236,9638734.388
613099.715,9638743.438
613144.195,9638744.778
613230.584,9638767.768
613272.514,9638777.987
613310.093,9638785.587
613350.643,9638792.117
613380.213,9638787.887
613420.352,9638770.447
613487.032,9638703.578
613500.03,9638689.269
613513.321,9638674.638
613537.861,9638639.829
613540.433,9638628.662
613545.051,9638608.615
613548.651,9638592.989
613551.271,9638549.819
613576.761,9638511.76
613620.04,9638476.26
613656.96,9638439.49
613683.719,9638400.161
613700.329,9638353.191
613706.759,9638312.561
613699.201,9638291.533
613690.319,9638266.822
613652.24,9638236.282
613576.08,9638182.833
613541.82,9638147.223
613510.121,9638107.804
613486.051,9638064.584
613470.871,9638020.114
613458.251,9637974.375
613446.891,9637927.375
613430.451,9637880.356
613396.291,9637796.486
613362.052,9637750.717
613313.812,9637718.907
613266.803,9637706.138
613223.603,9637700.988
613186.703,9637725.057
613166.274,9637775.817
613172.554,9637819.007
613183.904,9637864.746
613196.543,9637907.946
613206.633,9637947.325
613207.747,9637950.783
613220.543,9637990.525
613236.983,9638032.465
613258.503,9638082.024
613260.963,9638127.744
613230.303,9638214.053
613196.5,9638241.408
613189.574,9638247.013
613136.184,9638252.013
613086.625,9638246.863
613033.255,9638239.163
612983.716,9638225.113
612930.366,9638205.983
612879.567,9638184.313
612840.197,9638163.934
612798.297,9638137.204
612766.578,9638107.944
612733.598,9638071.065
612705.698,9638036.735
612677.808,9637994.785
612622.089,9637882.947
612603.109,9637834.657
612542.399,9637665.669
612524.689,9637622.459
612517.139,9637580.54
612521.019,9637538.64
612536.369,9637489.13
612541.79,9637479.241
612559.319,9637447.261
612591.169,9637405.401
612607.768,9637363.511
612574.769,9637335.522
612571.193,9637337.092
612531.519,9637354.512
612489.54,9637377.301
612438.68,9637387.391
612392.93,9637384.782
612353.541,9637374.562
612312.911,9637352.912
612276.111,9637321.102
612250.752,9637285.503
612243.252,9637216.913
612253.492,9637175.024
612257.751,9637165.188
612293.061,9637083.644
612319.181,9637042.645
612346.35,9636993.225
612369.93,9636941.326
612377.346,9636911.687
612381.75,9636894.086
612381.77,9636869.606
612377.42,9636850.007
612365.61,9636831.297
612318.721,9636813.037
612164.992,9636792.447
612120.602,9636779.297
612073.793,9636752.138
612037.173,9636725.068
611968.444,9636694.208
611944.584,9636696.188
611932.837,9636735.33
611930.124,9636744.368
611928.582,9636754.172
611923.334,9636787.538
611910.144,9636835.727
611891.865,9636883.867
611865.945,9636931.926
611814.335,9637006.446
611764.066,9637073.345
611703.567,9637145.234
611672.647,9637185.614
611641.767,9637220.924
611574.918,9637291.473
611542.828,9637321.673
611467.139,9637385.782
611421.06,9637414.572
611376.33,9637435.752
611335.47,9637450.612
611285.741,9637462.832
611241.181,9637466.212
611200.492,9637464.542
611145.862,9637457.642
611104.023,9637443.252
611100.033,9637441.412
611067.293,9637426.352
611029.453,9637392.923
611005.613,9637359.623
610966.914,9637284.224
610930.924,9637192.315
610909.174,9637097.606
610883.074,9637065.486
610855.014,9637037.456
610830.875,9637002.807
610811.665,9636976.377
610792.465,9636959.557
610768.805,9636943.787
610758.855,9636940.337
610739.645,9636933.137
610731.316,9636932.167
610724.796,9636932.167
610720.446,9636933.137
610701.886,9636937.637
610699.146,9636940.597
610667.006,9636925.238
610649.976,9636919.558
610640.026,9636916.948
610595.227,9636913.958
610508.598,9636899.028
610415.988,9636902.008
610317.409,9636904.998
610230.78,9636899.028
610148.251,9636899.958
610129.071,9636900.968
610110.901,9636907.018
610079.612,9636918.128
610057.402,9636936.298
610048.562,9636949.808
610043.983,9636975.679
610043.272,9636979.698
610046.302,9637007.957
610060.512,9637060.327
610102.332,9637096.177
610147.141,9637143.976
610180.001,9637194.756
610215.851,9637242.555
610242.73,9637284.375
610284.55,9637350.094
610311.44,9637397.884
610329.36,9637463.603
610339.07,9637507.082
610355.37,9637540.172
610362.22,9637547.242
610382.579,9637563.382
610393.119,9637571.742
610410.229,9637603.131
610413.629,9637623.571
610415.989,9637642.831
610412.999,9637684.641
610410.019,9637723.48
610412.299,9637735.77
610422.519,9637754.26
610433.919,9637768.29
610463.789,9637804.13
610490.669,9637839.979
610513.597,9637874.371
610514.569,9637875.829
610514.648,9637876.855
610517.559,9637914.658
610535.478,9637953.488
610565.298,9637999.218
610594.968,9638030.037
610634.058,9638058.047
610657.622,9638074.798
610710.247,9638112.206
610770.736,9638135.036
610813.286,9638153.636
610855.066,9638165.576
610855.066,9638165.526
610912.815,9638147.526
610964.055,9638128.696
611006.984,9638120.006
611059.074,9638130.246
611099.703,9638151.896
611132.703,9638178.615
611164.423,9638209.145
611230.382,9638282.904
611271.012,9638305.824
611310.402,9638316.044
611349.811,9638308.484
611386.711,9638285.674
611468.18,9638218.495
611519.049,9638204.595
611559.699,9638216.095
611643.498,9638265.744
611687.928,9638296.294
611733.618,9638330.653
611758.967,9638371.333
611777.947,9638418.342
611785.497,9638460.262
611795.487,9638559.341
611795.397,9638612.681
611792.657,9638718.08
611800.207,9638762.539
611817.907,9638813.369
611843.247,9638861.668
611874.937,9638908.697
611902.817,9638954.467
611907.817,9639002.727
611902.657,9639044.626
611885.967,9639134.766
611893.527,9639174.145
611915.057,9639213.545
611951.876,9639236.465
612001.426,9639250.504
612040.806,9639260.724
612080.185,9639272.214
612119.575,9639282.434
612158.925,9639306.624
612197.014,9639332.083
612230.004,9639362.613
612252.844,9639388.623
612257.914,9639394.403
612312.423,9639470.682
612345.413,9639505.022
612389.853,9639531.761
612427.942,9639552.131
612477.472,9639576.341
612526.451,9639606.73
612573.991,9639614.58
612615.551,9639610.03
612636.25,9639629.92
612671.77,9639669.34
612704.75,9639701.139
612741.56,9639732.949
612782.229,9639734.279
612819.549,9639719.579
612858.548,9639700.099
612897.988,9639678.569
612947.578,9639669.759
612986.947,9639686.329
613039.047,9639688.949
613091.196,9639671.249
613094.576,9639624.1
613062.116,9639584.84
613031.667,9639551.78
613034.847,9639505.341
613066.126,9639474.361
613108.096,9639461.721
613158.135,9639462.361
613209.175,9639491.601
613158.455,9639492.271
613112.146,9639489.941
613074.766,9639502.721
613064.866,9639517.531
613060.716,9639548.6
613122.666,9639620.44
613129.176,9639677.209
613110.916,9639705.929
613070.746,9639725.469
613021.137,9639726.249
612969.057,9639718.109
612916.928,9639715.059
612873.468,9639736.249
612792.859,9639783.779
612750.78,9639793.528
612698.74,9639781.579
612663.34,9639759.609
612629.241,9639733.849
612577.341,9639722.899
612548.641,9639745.089
612501.672,9639801.219
612484.712,9639809.049
612458.622,9639805.129
612409.943,9639783.829
612326.503,9639730.87
612273.364,9639702.02
612250.644,9639683.07
612248.534,9639638.55
612248.764,9639615.66
612252.994,9639573.741
612253.424,9639529.241
612247.544,9639480.862
612222.464,9639443.742
612190.964,9639412.913
612153.025,9639389.653
612111.255,9639367.623
612069.455,9639349.413
612022.516,9639336.234
611980.676,9639321.834
611936.267,9639309.954
611894.387,9639300.644
611847.457,9639286.194
611813.448,9639251.525
611788.328,9639218.215
611777.298,9639176.145
611784.168,9639124.076
611793.478,9639082.206
611807.908,9639037.857
611805.818,9638992.057
611788.428,9638948.647
611742.028,9638880.798
611720.798,9638839.899
611712.308,9638797.859
611714.058,9638749.549
611714.498,9638703.78
611712.418,9638656.71
611715.808,9638570.271
611713.748,9638520.662
611706.578,9638473.542
611693.048,9638426.362
611668.058,9638380.343
611640.438,9638343.193
611610.209,9638312.374
611565.889,9638291.594
611521.399,9638287.344
611480.61,9638295.844
611443.35,9638333.623
611416.251,9638372.783
611385.371,9638408.083
611347.081,9638421.693
611301.222,9638427.603
611250.472,9638414.383
611207.503,9638384.713
611183.723,9638345.064
611162.473,9638306.704
611132.243,9638275.894
611096.893,9638248.835
611051.274,9638230.585
611006.904,9638214.895
610984.284,9638212.935
610957.335,9638210.595
610906.895,9638213.405
610853.956,9638231.915
611002.385,9638785.51
611002.385,9639179.606
611007.816,9639510.243
610998.296,9639615.002
610998.296,9639662.612
611074.485,9639729.281
611141.145,9639767.38
611151.92,9639786.774
611188.764,9639853.09
611217.334,9639957.849
611215.404,9639992.604
611212.574,9640043.558
611206.835,9640089.472
611198.961,9640152.46
611188.765,9640234.026
611182.752,9640273.109
611160.195,9640419.744
611153.92,9640449.727
611120.106,9640611.304
611117.346,9640624.492
611065.834,9640826.853
611050.677,9640886.4
610950.678,9641195.907
610950.678,9641448.285
610950.678,9641511.592
610950.678,9641586.373
611060.197,9641738.752
611150.087,9642025.479
611186.576,9642017.469
611196.766,9642019.539
611200.352,9642022.926
611203.236,9642025.649
611217.706,9642039.319
611244.716,9642056.899
611268.456,9642058.359
611301.985,9642054.959
611344.185,9642035.079
611367.505,9641997.199
611379.445,9641952.85
611385.004,9641909.7
611389.454,9641852.561
611406.594,9641798.101
611462.764,9641780.901
611521.093,9641798.041
611580.603,9641824.081
611637.442,9641861.52
611663.502,9641859.64
611675.762,9641847.95
611664.912,9641793.191
611642.432,9641754.831
611619.912,9641720.292
611607.622,9641680.772
611600.662,9641619.703
611614.232,9641607.163
611645.112,9641570.583
611678.431,9641545.443
611726.881,9641535.713
611752.141,9641538.603
611775.14,9641545.043
611811.8,9641569.533
611835.64,9641604.082
611849.2,9641649.982
611848.73,9641698.302
611849.46,9641751.321
611858.09,9641783.591
611873.66,9641801.021
611887.67,9641809.94
611936.679,9641813.54
611983.779,9641811.42
612024.448,9641816.87
612063.808,9641824.86
612108.218,9641837.98
612149.967,9641862.51
612189.157,9641889.569
612224.487,9641920.409
612263.636,9641950.009
612309.366,9641958.049
612351.375,9641955.889
612422.295,9641942.789
612454.985,9641944.359
612503.194,9641951.708
612535.534,9641959.768
612579.543,9641963.228
612619.223,9641956.788
612664.563,9641942.618
612709.892,9641924.179
612754.752,9641908.569
612795.941,9641885.259
612823.301,9641854.039
612834.381,9641809.759
612834.201,9641756.36
612812.241,9641710.13
612782.411,9641675.191
612765.921,9641653.091
612760.901,9641596.872
612795.871,9641572.222
612799.351,9641530.592
612778.421,9641495.832
612748.491,9641465.973
612735.381,9641422.473
612767.911,9641449.843
612797.871,9641478.433
612847.11,9641497.252
612872.01,9641471.653
612904.58,9641434.993
612930.41,9641391.653
612926.22,9641364.234
612927.899,9641326.924
612939.029,9641233.515
612957.139,9641192.695
612984.959,9641164.415
613019.998,9641130.806
613033.678,9641084.036
613054.908,9641041.246
613072.318,9640998.377
613058.618,9640971.907
613015.338,9640934.038
612976.089,9640912.478
612937.039,9640892.598
612902.099,9640858.818
612888.989,9640815.319
612898.769,9640772.289
612933.869,9640736.139
612980.018,9640719.29
613026.048,9640708.79
613067.138,9640690.57
613110.877,9640667.31
613150.487,9640659.22
613129.327,9640698.21
613081.597,9640730.279
612985.418,9640766.449
612951.889,9640788.639
612943.349,9640832.969
612972.009,9640862.798
613018.868,9640873.938
613060.868,9640873.528
613107.927,9640874.498
613069.248,9640899.138
613026.968,9640913.518
613061.988,9640943.487
613103.207,9640981.207
613099.628,9641031.996
613072.168,9641068.306
613056.128,9641106.116
613044.338,9641154.825
612996.869,9641204.075
612971.879,9641244.245
612968.109,9641301.034
612967.439,9641336.974
612969.779,9641398.503
612956.729,9641425.763
612931.25,9641462.473
612907.02,9641492.122
612875.9,9641520.732
612871.88,9641565.462
612854.99,9641604.771
612807.691,9641621.041
612826.041,9641657.021
612853.021,9641707.16
612863.561,9641751.88
612866.491,9641795.17
612856.611,9641843.279
612839.221,9641884.879
612814.271,9641922.508
612771.782,9641947.068
612682.282,9641968.108
612641.423,9641974.898
612619.633,9642016.758
612646.333,9642046.207
612725.512,9642094.877
612774.862,9642117.127
612816.361,9642132.346
612868.361,9642141.046
612909.01,9642144.426
612952.26,9642145.316
613005.73,9642143.876
613046.639,9642134.546
613086.309,9642123.926
613111.909,9642113.206
613217.508,9642066.057
613251.247,9642046.177
613285.617,9642022.887
613316.017,9641996.027
613328.416,9641982.687
613354.626,9641945.078
613365.686,9641933.198
613380.806,9641924.038
613398.496,9641915.468
613421.985,9641912.998
613446.835,9641916.458
613494.905,9641930.168
613535.774,9641943.677
613575.874,9641953.447
613613.884,9641956.767
613684.073,9641948.587
613697.033,9641945.317
613705.953,9641939.597
613717.913,9641929.607
613736.273,9641903.098
613788.332,9641830.678
613863.171,9641717.779
613894.601,9641673.94
613918.401,9641629.92
613937.04,9641589.62
613959.38,9641554.481
613986.9,9641515.631
614010.54,9641479.241
614044.859,9641433.872
614082.479,9641396.242
614109.309,9641378.282
614143.378,9641363.982
614234.727,9641337.102
614284.887,9641331.722
614385.196,9641310.213
614431.525,9641302.272
614483.715,9641295.883
614507.005,9641295.883
614537.454,9641292.293
614612.684,9641285.123
614657.103,9641285.302
614707.963,9641287.622
614739.863,9641292.292
614790.012,9641308.422
614836.592,9641333.512
614935.111,9641408.781
615012.12,9641451.791
615051.53,9641469.71
615097.169,9641483.81
615136.419,9641493.52
615180.889,9641496.98
615224.158,9641496.6
615271.848,9641491.21
615295.138,9641480.46
615356.037,9641442.83
615400.817,9641417.74
615429.476,9641405.191
615468.886,9641385.481
615519.555,9641362.811
615556.855,9641343.241
615635.434,9641296.541
615726.823,9641245.692
615773.403,9641222.392
615845.052,9641179.382
615882.662,9641161.462
615922.071,9641145.332
615968.641,9641134.583
616002.671,9641132.783
616049.67,9641138.502
616094.02,9641150.702
616149.559,9641169.802
616212.239,9641197.302
616270.578,9641225.701
616308.348,9641245.551
616384.197,9641279.741
616421.817,9641294.081
616473.766,9641310.2
616510.496,9641317.1
616553.636,9641323.07
616612.255,9641319.19
616645.725,9641310.2
616694.454,9641281.47
616730.744,9641249.161
616794.393,9641185.621
616858.253,9641129.402
616876.502,9641144.531
616868.863,9641152.821
616758.474,9641262.44
616726.104,9641289.75
616691.214,9641315.73
616647.455,9641340.26
616574.086,9641349.61
616502.426,9641344.26
616421.317,9641320.14
616381.947,9641303.571
616295.588,9641261.531
616243.528,9641233.511
616197.809,9641210.582
616155.899,9641191.472
616113.99,9641176.162
616068.96,9641166.812
615974.201,9641164.522
615927.151,9641175.882
615886.252,9641190.142
615830.482,9641216.372
615602.765,9641331.601
615517.515,9641381.001
615475.536,9641402.521
615436.096,9641425.32
615400.467,9641444.32
615359.747,9641472.2
615324.127,9641491.19
615277.068,9641508.9
615226.218,9641516.44
615185.549,9641515.11
615139.799,9641509.96
615078.4,9641500.18
615042.57,9641489.42
614945.451,9641443.631
614903.551,9641416.901
614863.461,9641389.071
614788.042,9641332.902
614739.783,9641313.782
614694.043,9641306.092
614652.093,9641306.032
614605.434,9641308.792
614446.095,9641326.342
614406.696,9641333.512
614356.536,9641344.262
614275.927,9641360.392
614240.107,9641369.352
614200.698,9641381.902
614172.038,9641392.652
614129.518,9641415.722
614093.879,9641442.342
614055.689,9641476.571
614021.289,9641518.431
613994.53,9641561.571
613934.63,9641651.65
613817.392,9641820.368
613803.322,9641869.868
613793.062,9641921.927
613778.382,9641945.637
613759.942,9641963.787
613738.433,9641977.377
613710.333,9641985.297
613687.673,9641988.837
613662.023,9641987.767
613608.654,9641981.337
613560.374,9641973.647
613509.555,9641959.597
613463.825,9641944.288
613442.545,9641940.198
613423.165,9641940.418
613401.416,9641944.168
613388.346,9641947.878
613379.926,9641953.048
613364.096,9641968.927
613353.176,9641984.757
613326.406,9642029.167
613292.017,9642067.217
613276.567,9642079.486
613260.757,9642088.156
613238.587,9642097.616
613179.218,9642114.826
613166.648,9642119.676
613147.418,9642132.656
613145.128,9642136.636
613138.038,9642171.116
613130.329,9642219.365
613121.349,9642267.615
613109.749,9642357.794
613105.839,9642409.824
613106.229,9642427.763
613108.859,9642446.023
613115.919,9642458.103
613158.909,9642514.263
613179.338,9642530.582
613193.158,9642539.712
613219.978,9642552.232
613262.708,9642568.002
613356.427,9642584.962
613407.626,9642599.281
613439.726,9642626.221
613466.366,9642656.741
613517.165,9642679.681
613553.355,9642693.09
613592.095,9642711.54
613541.745,9642709.75
613503.136,9642703.79
613462.496,9642689.761
613396.216,9642645.981
613366.157,9642627.731
613317.397,9642615.261
613240.198,9642602.542
613206.518,9642606.542
613161.579,9642617.102
613128.809,9642644.951
613107.139,9642702.551
613107.639,9642721.411
613109.809,9642743.09
613113.599,9642762.8
613123.899,9642775.12
613137.449,9642784.97
613160.099,9642788.53
613237.278,9642826.58
613288.068,9642854.589
613327.397,9642892.749
613333.737,9642916.019
613333.667,9642941.018
613297.918,9643031.118
613272.428,9643070.457
613249.478,9643112.327
613230.339,9643150.397
613208.649,9643197.356
613161.479,9643277.285
613134.72,9643316.615
613111.76,9643359.765
613101.17,9643403.294
613093.49,9643453.954
613099.33,9643480.444
613181.359,9643531.313
613201.609,9643577.063
613177.39,9643618.932
613093.42,9643664.732
613056.281,9643687.212
613025.301,9643727.551
613029.881,9643773.351
613066.541,9643795.331
613124.93,9643807.38
613182.16,9643809.26
613282.829,9643795.06
613334.898,9643803.24
613437.617,9643833.54
613476.867,9643850.47
613518.627,9643871.249
613570.376,9643908.639
613600.506,9643945.809
613628.086,9643982.948
613680.615,9644064.827
613708.185,9644103.237
613733.205,9644141.627
613753.105,9644182.496
613765.395,9644222.016
613768.595,9644277.965
613764.315,9644319.845
613749.095,9644375.244
613747.8,9644376.718
613711.045,9644418.544
613694.007,9644445.672
613685.546,9644459.144
613677.456,9644479.804
613674.576,9644493.243
613675.546,9644520.373
613680.446,9645092.968
613832.375,9645267.686
614083.063,9645563.953
614280.582,9645776.661
614462.9,9646042.548
614558.043,9646149.582
614677.97,9646284.498
614766.768,9646384.395
614861.094,9646412.692
614994.666,9646452.764
615306.133,9646528.733
615663.17,9646771.82
616012.617,9646885.769
616156.329,9646974.158
616158.014,9646975.195
616393.753,9647120.186
616459.563,9647101.486
616506.762,9647092.196
616507.372,9647091.846
616545.952,9647069.706
616550.664,9647064.702
616571.902,9647042.147
616632.341,9646925.738
616704.32,9646867.768
616769.889,9646803.089
616800.419,9646784.089
616830.979,9646757.469
616862.819,9646719.419
616900.848,9646680.79
616914.824,9646670.69
616940.718,9646651.98
616974.827,9646629.42
617012.987,9646612.96
617053.707,9646587.63
617055.29,9646586.76
617090.606,9646567.36
617128.756,9646552.181
617175.805,9646544.631
617309.274,9646537.211
617356.294,9646538.55
617385.232,9646538.595
617402.053,9646538.62
617406.851,9646538.268
617452.903,9646534.89
617494.06,9646518.727
617501.232,9646515.911
617503.232,9646505.732
617510.212,9646470.211
617511.562,9646425.761
617504.112,9646329.232
617497.832,9646284.773
617482.652,9646246.653
617380.603,9645956.516
617349.473,9645875.817
617306.843,9645770.148
617287.854,9645726.938
617270.144,9645682.469
617239.804,9645590.989
617185.394,9645452.481
617171.494,9645410.551
617160.124,9645369.892
617150.034,9645327.972
617145.024,9645287.322
617144.031,9645270.98
617142.554,9645246.683
617143.23,9645224.428
617143.904,9645202.233
617148.164,9645154.194
617147.884,9645108.264
617130.254,9645014.255
617111.397,9644971.325
617111.274,9644971.045
617092.935,9644938.536
617080.182,9644928.172
617045.305,9644899.826
616956.426,9644851.437
616918.316,9644837.407
616872.586,9644824.637
616833.197,9644815.687
616776.337,9644813.187
616734.058,9644814.267
616683.248,9644801.497
616643.889,9644774.768
616615.979,9644745.518
616591.909,9644703.568
616568.869,9644654.139
616554.049,9644610.999
616517.239,9644525.66
616504.609,9644478.651
616503.409,9644436.741
616536.889,9644200.583
616558.579,9644151.094
616585.328,9644118.114
616618.418,9644092.764
616659.128,9644075.044
616699.827,9644061.134
616746.867,9644051.044
616796.446,9644044.774
616848.566,9644039.774
616893.075,9644029.684
616932.515,9644006.885
616959.285,9643963.745
616958.095,9643916.755
616942.935,9643867.196
616937.925,9643826.556
616939.275,9643779.567
616952.065,9643737.677
616967.394,9643695.787
616987.804,9643653.908
617023.454,9643617.138
617095.983,9643572.798
617144.093,9643540.859
617140.466,9643569.771
617139.413,9643578.168
