ID,x,y
1,617139.413,9643578.168
2,617147.11,9643573.138
3,617183.992,9643539.888
4,617226.286,9643500.929
5,617274.897,9643460.695
6,617286.92,9643434.971
7,617288.361,9643431.888
8,617305.235,9643395.228
9,617305.473,9643379.1
10,617301.662,9643340.043
11,617301.49,9643338.022
12,617296.712,9643302.305
13,617289.612,9643269.173
14,617275.059,9643232.997
15,617245.675,9643181.479
16,617226.286,9643147.487
17,617184.481,9643079.712
18,617166,9643029.867
19,617157.543,9642951.837
20,617167.615,9642871.652
21,617180.389,9642831.958
22,617190.14,9642805.508
23,617201.583,9642776.308
24,617233.178,9642724.194
25,617272.463,9642665.244
26,617282.026,9642650.893
27,617323.831,9642595.786
28,617333.187,9642583.552
29,617356.769,9642552.715
30,617393.507,9642512.81
31,617446.08,9642485.573
32,617499.286,9642469.104
33,617570.228,9642469.104
34,617628.502,9642471.638
35,617672.954,9642477.32
36,617708.279,9642483.838
37,617751.557,9642508.023
38,617790.168,9642536.875
39,617855.085,9642596.277
40,617900.485,9642630.22
41,617950.976,9642649.738
42,618005.286,9642657.375
43,618045.45,9642653.198
44,618048.644,9642652.866
45,618105.459,9642631.891
46,618133.527,9642620.537
47,618161.833,9642609.088
48,618196.682,9642595.652
49,618206.402,9642592.034
50,618229.241,9642586.582
51,618294.216,9642576.784
52,618312.989,9642574.314
53,618315.022,9642574.213
54,618366.786,9642582.275
55,618371.223,9642584.219
56,618382.606,9642589.208
57,618435.522,9642612.4
58,618498.474,9642642.701
59,618535.859,9642664.806
60,618567.161,9642683.314
61,618638.46,9642712.692
62,618692.737,9642729.619
63,618710.804,9642732.746
64,618812.797,9642725.648
65,618846.759,9642715.755
66,618849.335,9642715.005
67,618885.08,9642704.594
68,618937.431,9642702.65
69,618942.535,9642702.529
70,618993.437,9642701.331
71,619029.588,9642709.324
72,619035.475,9642712.052
73,619081.166,9642741.048
74,619102.171,9642767.092
75,619116.32,9642790.036
76,619137.996,9642825.185
77,619170.915,9642872.628
78,619208.676,9642909.421
79,619242.564,9642927.817
80,619300.658,9642936.531
81,619355.846,9642929.753
82,619423.622,9642899.739
83,619479.276,9642856.613
84,619505.274,9642841.102
85,619551.428,9642813.567
86,619615.331,9642789.361
87,619657.182,9642785.513
88,619705.863,9642785.513
89,619754.354,9642793.962
90,619766.487,9642796.696
91,619770.199,9642797.841
92,619838.022,9642824.217
93,619860.522,9642833.512
94,619902.312,9642859.764
95,619978.686,9642893.284
96,620045.724,9642897.951
97,620053.622,9642898.501
98,620097.474,9642901.554
99,620144.882,9642902.151
100,620199.17,9642899.739
101,620274.692,9642887.152
102,620331.219,9642873.252
103,620346.451,9642866.28
104,620370.546,9642854.232
105,620415.085,9642831.963
106,620457.687,9642804.853
107,620495.447,9642776.774
108,620563.223,9642760.314
109,620630.999,9642738.045
110,620691.029,9642711.903
111,620751.059,9642677.047
112,620802.005,9642635.429
113,620819.803,9642620.89
114,620841.859,9642606.066
115,620859.099,9642597.974
116,620894.82,9642585.947
117,620919.541,9642587.663
118,620935.99,9642590.875
119,620968.909,9642602.493
120,621001.59,9642617.114
121,621008.403,9642620.934
122,621021.18,9642628.099
123,621062.532,9642654.34
124,621086.34,9642669.447
125,621131.115,9642693.723
126,621163.33,9642707.415
127,621188.922,9642711.366
128,621218.478,9642715.928
129,621272.363,9642714.655
130,621318.187,9642698.532
131,621358.071,9642662.467
132,621393.333,9642630.581
133,621430.704,9642596.788
134,621458.629,9642561.909
135,621476.573,9642544.408
136,621497.56,9642526.004
137,621498.913,9642525.122
138,621537.548,9642503.78
139,621591.858,9642478.747
140,621646.592,9642462.199
141,621695.414,9642447.439
142,621769.214,9642432.074
143,621824.372,9642415.527
144,621877.833,9642382.007
145,621905.919,9642354.217
146,621918.142,9642342.124
147,621941.471,9642303.637
148,621963.362,9642267.151
149,622014.593,9642138.714
150,622049.449,9642081.588
151,622097.845,9642012.897
152,622093.535,9642000.318
153,622115.505,9641964.908
154,622172.294,9641881.489
155,622217.273,9641834.839
156,622271.213,9641783.19
157,622271.244,9641783.162
158,622326.402,9641734.09
159,622367.432,9641711.449
160,622376.292,9641706.56
161,622428.671,9641684.14
162,622483.551,9641666.83
163,622532.02,9641654.551
164,622588.12,9641642.341
165,622633.989,9641636.391
166,622613.691,9641697.763
167,622618.354,9641690.068
168,622668.716,9641676.359
169,622684.9,9641671.954
170,622745.603,9641696.235
171,622859.255,9641768.575
172,622919.822,9641795.535
173,622958.685,9641793.863
174,623001.214,9641789.184
175,623035.759,9641763.832
176,623079.435,9641707.004
177,623112.267,9641649.546
178,623127.324,9641607.888
179,623134.549,9641570.91
180,623126.187,9641499.932
181,623123.21,9641439.655
182,623148.497,9641316.431
183,623166.098,9641268.618
184,623240.637,9641180.077
185,623340.327,9641096.593
186,623452.376,9641036.752
187,623535.613,9640999.566
188,623591.902,9640973.797
189,623653.222,9640942.933
190,623715.996,9640911.338
191,623761.064,9640888.654
192,623813.393,9640862.316
193,623878.617,9640828.071
194,623968.105,9640777.244
195,624028.628,9640743.146
196,624121.931,9640683.647
197,624197.328,9640625.65
198,624263.546,9640574.713
199,624302.964,9640546.168
200,624358.659,9640510.285
201,624445.059,9640455.471
202,624502.091,9640420.103
203,624587.408,9640375.954
204,624639.942,9640346.072
205,624697.599,9640315.427
206,624773.718,9640276.27
207,624836.906,9640243.765
208,624912.372,9640173.663
209,624958.167,9640130.519
210,625012.012,9640081.187
211,625058.103,9640046.598
212,625131.269,9639991.691
213,625206.726,9639939.756
214,625254.237,9639907.628
215,625323.452,9639844.591
216,625340.007,9639829.514
217,625410.796,9639714.913
218,625434.976,9639638.346
219,625449.034,9639591.902
220,625465.948,9639509.967
221,625480.835,9639420.307
222,625487.901,9639378.854
223,625502.411,9639290.612
224,625517.382,9639241.338
225,625543.177,9639182.54
226,625589.284,9639082.916
227,625635.083,9638974.101
228,625676.649,9638870.554
229,625722.066,9638798.731
230,625772.969,9638718.234
231,625802.648,9638682.739
232,625836.242,9638653.767
233,625890.542,9638619.088
234,625949.808,9638581.237
235,626024.141,9638552.348
236,626139.449,9638510.163
237,626180.746,9638497.803
238,626317.42,9638456.897
239,626392.762,9638470.319
240,626554.785,9638483.973
241,626933.677,9638518.343
242,627110.393,9638554.478
243,627185.054,9638565.818
244,627270.606,9638584.577
245,627359.603,9638581.377
246,627392.668,9638578.927
247,627489.268,9638541.808
248,627551.504,9638500.151
249,627615.52,9638459.613
250,627666.662,9638429.22
251,627709.912,9638387.205
252,627779.661,9638311.666
253,627789.456,9638296.63
254,627854.211,9638197.225
255,627921.862,9638093.797
256,627974.551,9638019.642
257,628032.847,9637906.119
258,628186.989,9637751.976
259,628252.958,9637688.807
260,628382.9,9637606.992
261,628460.126,9637573.985
262,628501.36,9637559.336
263,628580.327,9637555.663
264,628623.199,9637553.669
265,628624.363,9637484.851
266,628625.166,9637484.921
267,628624.507,9637476.352
268,628619.73,9637414.261
269,628604.872,9637372.658
270,628590.059,9637370.129
271,628588.8,9637369.914
272,628571.132,9637371.605
273,628524.063,9637367.925
274,628519.303,9637366.721
275,628514.599,9637365.532
276,628474.433,9637355.375
277,628422.243,9637339.015
278,628381.434,9637307.385
279,628341.864,9637263.056
280,628316.284,9637221.236
281,628300.894,9637183.187
282,628250.764,9637030.978
283,628213.435,9636900.319
284,628192.785,9636839.18
285,628183.875,9636812.79
286,628110.985,9636696.201
287,628082.845,9636648.041
288,628068.726,9636609.992
289,628062.196,9636561.762
290,628060.736,9636507.173
291,628066.705,9636397.974
292,628052.555,9636351.034
293,628025.726,9636316.834
294,627991.276,9636281.385
295,627955.556,9636249.745
296,627803.817,9636128.286
297,627724.788,9636075.177
298,627675.088,9636044.847
299,627587.219,9636007.008
300,627543.959,9635998.238
301,627396.451,9635996.108
302,627295.431,9635991.128
303,627233.652,9635985.138
304,627185.292,9635975.118
305,627131.813,9635954.949
306,627087.233,9635933.489
307,627072.993,9635924.659
308,627093.383,9635875.069
309,627163.802,9635646.361
310,627181.422,9635594.262
311,627211.782,9635549.742
312,627239.651,9635520.462
313,627291.401,9635460.603
314,627288.691,9635364.164
315,627292.301,9635305.754
316,627299.646,9635253.086
317,627299.928,9635251.059
318,627300.189,9635249.187
319,627295.293,9635244.127
320,627279.126,9635227.423
321,627279.117,9635227.413
322,627258.714,9635206.331
323,627172.537,9635170.671
324,626775.822,9635011.691
325,626692.616,9634973.057
326,626497.974,9634904.711
327,626421.417,9634880.839
328,626418.627,9634879.969
329,626221.61,9634818.534
330,626184.465,9634809.619
331,626136.342,9634790.369
332,626127.684,9634786.906
333,626107.25,9634778.732
334,626089.567,9634771.659
335,626084.268,9634769.539
336,626084.549,9634769.347
337,626076.666,9634766.498
338,626076.662,9634766.496
339,626061.352,9634760.197
340,625951.192,9634711.556
341,625667.397,9634619.432
342,625511.387,9634552.571
343,625282.571,9634466.396
344,625181.535,9634423.304
345,625165.192,9634396.558
346,625150.334,9634340.1
347,625145.874,9634230.148
348,625136.782,9634041.509
349,625136.508,9634035.833
350,625134.309,9633990.197
351,625063.187,9633872.341
352,625056.921,9633866.458
353,625059.23,9633865.786
354,625095.336,9633855.273
355,625096.758,9633854.859
356,625100.042,9633853.904
357,625125.628,9633846.459
358,625430.835,9633752.94
359,625464.585,9633740.21
360,625489.204,9633492.722
361,625497.404,9633293.384
362,625468.924,9633150.005
363,625472.444,9633131.075
364,625524.453,9633031.776
365,625561.483,9632940.297
366,625560.803,9632929.757
367,625550.613,9632913.427
368,625543.158,9632906.16
369,625524.103,9632887.587
370,625322.425,9632747.709
371,625316.923,9632741.513
372,625307.845,9632731.289
373,625304.625,9632713.719
374,625309.295,9632691.699
375,625326.075,9632666.679
376,625346.134,9632656.489
377,625578.602,9632597.2
378,625585.202,9632588.52
379,625585.892,9632571.66
380,625581.342,9632540.64
381,625571.342,9632378.481
382,625823.56,9632481.92
383,625842.59,9632495.78
384,625937.849,9632519.75
385,625988.569,9632541.68
386,626074.818,9632575.289
387,626116.688,9632589.539
388,626166.147,9632608.919
389,626342.506,9632669.788
390,626385.675,9632678.968
391,626406.015,9632681.358
392,626415.075,9632456.71
393,626384.135,9632336.181
394,626376.28,9631657.948
395,626376.27,9631657.116
396,626369.954,9631111.722
397,626338.454,9630933.203
398,626318.134,9630887.484
399,626253.378,9630815.817
400,626252.724,9630815.094
401,626252.512,9630815.176
402,626252.169,9630815.308
403,626220.775,9630827.374
404,626132.715,9630837.954
405,625998.294,9630847.571
406,625997.221,9630847.648
407,625997.205,9630847.649
408,625986.787,9630848.394
409,625812.038,9630897.014
410,625766.319,9630900.184
411,625719.359,9630896.574
412,625695.839,9630883.044
413,625688.616,9630875.59
414,625676.149,9630862.724
415,625610.111,9630763.493
416,625610.08,9630763.445
417,625599.002,9630746.802
418,625575.09,9630710.877
419,625574.583,9630710.117
420,625544.71,9630665.236
421,625511.051,9630625.867
422,625507.658,9630623.216
423,625470.411,9630594.117
424,625469.077,9630591.376
425,625458.981,9630570.627
426,625450.731,9630514.748
427,625443.241,9630503.767
428,625437.941,9630495.998
429,625418.531,9630477.358
430,625398.313,9630457.948
431,625336.432,9630398.539
432,625301.502,9630354.089
433,625226.573,9630278.53
434,625206.413,9630263.42
435,625179.583,9630251.86
436,625006.864,9630228.361
437,624973.215,9630209.951
438,624952.255,9630180.741
439,624917.335,9630108.352
440,624914.772,9630104.994
441,624898.915,9630084.222
442,624862.175,9630070.212
443,624821.446,9630072.152
444,624771.916,9630082.312
445,624551.298,9630157.242
446,624492.319,9630171.532
447,624414.769,9630176.292
448,624355.72,9630164.232
449,624292.85,9630133.112
450,624164.581,9630047.393
451,624132.345,9630020.663
452,624128.807,9630017.73
453,624090.292,9629985.794
454,624052.192,9629966.114
455,624017.423,9629953.574
456,623957.573,9629942.614
457,623930.733,9629942.965
458,623810.134,9629973.624
459,623739.135,9629964.205
460,623685.165,9629929.285
461,623645.796,9629887.375
462,623594.356,9629803.556
463,623502.937,9629611.048
464,623495.297,9629600.358
465,623452.757,9629572.418
466,623335.918,9629527.329
467,623309.878,9629468.279
468,623299.73,9629453.737
469,623298.172,9629451.505
470,623286.388,9629434.62
471,623274.958,9629381.28
472,623280.038,9629368.58
473,623313.688,9629355.88
474,623364.488,9629315.241
475,623378.457,9629272.061
476,623381.637,9629192.052
477,623376.478,9629158.075
478,623376.404,9629157.588
479,623375.263,9629150.075
480,623375.016,9629148.451
481,623370.837,9629120.932
482,623368.611,9629116.479
483,623363.108,9629105.473
484,623362.704,9629104.665
485,623362.159,9629105.204
486,623362.005,9629105.356
487,623353.487,9629113.782
488,623349.963,9629117.272
489,623348.285,9629117.343
490,623348.072,9629117.352
491,623326.954,9629118.25
492,623281.401,9629120.187
493,623255.205,9629125.188
494,623125.899,9629175.327
495,623030.898,9629267.689
496,622941.175,9629431.301
497,622906.869,9629521.024
498,622888.734,9629692.012
499,622888.397,9629695.192
500,622885.758,9629898.387
501,622888.533,9629938.345
502,622868.668,9629938.345
503,622864.187,9629938.141
504,622860.758,9629937.984
505,622835.173,9629937.984
506,622813.227,9629937.984
507,622809.475,9629937.665
508,622806.418,9629937.405
509,622806.413,9629937.405
510,622756.272,9629937.405
511,622752.777,9629937.284
512,622748.949,9629937.152
513,622719.045,9629937.419
514,622712.541,9629937.476
515,622698.223,9629937.604
516,622697.867,9629937.607
517,622695.372,9629937.629
518,622689.923,9629937.896
519,622686.481,9629938.064
520,622691.285,9629952.476
521,622697.019,9629970.955
522,622700.665,9629982.706
523,622701.59,9629985.688
524,622706.225,9629999.373
525,622711.478,9630016.334
526,622713.996,9630024.465
527,622720.334,9630036.697
528,622726.226,9630048.069
529,622730.313,9630048.554
530,622736.551,9630049.295
531,622736.648,9630049.319
532,622738.877,9630049.877
533,622738.974,9630049.902
534,622749.251,9630052.475
535,622762.185,9630050.756
536,622762.409,9630050.727
537,622765.674,9630050.293
538,622770.139,9630049.699
539,622771.397,9630049.532
540,622830.276,9630041.709
541,622895.853,9630043.748
542,622898.953,9630088.389
543,622904.23,9630222.973
544,622869.925,9630299.501
545,622806.591,9630328.529
546,622789.942,9630331.947
547,622772.814,9630335.464
548,622755.484,9630326.953
549,622748.974,9630323.756
550,622741.185,9630319.931
551,622740.924,9630319.803
552,622738.367,9630317.899
553,622711.094,9630297.593
554,622679.965,9630263.293
555,622637.425,9630176.294
556,622603.765,9630082.315
557,622560.585,9630049.295
558,622525.026,9630035.325
559,622492.646,9630046.755
560,622362.467,9630151.534
561,622239.918,9630281.704
562,622197.369,9630298.853
563,622145.166,9630285.803
564,622141.489,9630284.884
565,622116.729,9630268.374
566,622092.6,9630237.254
567,622083.42,9630183.324
568,622083.425,9630158.077
569,622083.425,9630156.424
570,622083.43,9630135.015
571,622070.37,9630095.015
572,622022.75,9630068.986
573,621955.441,9630058.186
574,621909.726,9630061.545
575,621843.042,9630066.446
576,621785.262,9630053.106
577,621758.592,9630053.746
578,621735.092,9630060.726
579,621717.313,9630082.956
580,621694.453,9630094.386
581,621684.343,9630093.246
582,621667.783,9630112.166
583,621621.084,9630144.445
584,621600.868,9630153.147
585,621598.896,9630153.996
586,621591.588,9630157.142
587,621591.457,9630157.198
588,621533.804,9630182.015
589,621506.495,9630190.265
590,621412.515,9630199.155
591,621378.226,9630216.305
592,621336.316,9630251.225
593,621304.566,9630265.835
594,621190.907,9630289.325
595,621005.489,9630360.444
596,620920.4,9630383.944
597,620920.4,9630388.384
598,620884.2,9630375.054
599,620809.271,9630297.585
600,620796.031,9630289.845
601,620775.621,9630286.785
602,620755.301,9630291.235
603,620722.912,9630320.445
604,620682.232,9630332.945
605,620623.182,9630337.665
606,620566.073,9630322.345
607,620540.503,9630320.485
608,620522.913,9630322.835
609,620492.764,9630345.225
610,620473.914,9630368.785
611,620459.394,9630397.274
612,620437.164,9630462.044
613,620428.914,9630472.204
614,620416.214,9630475.384
615,620388.905,9630472.844
616,620330.695,9630437.114
617,620301.275,9630412.515
618,620273.335,9630378.865
619,620260.636,9630371.875
620,620223.176,9630380.135
621,620211.746,9630376.955
622,620183.166,9630345.205
623,620169.886,9630338.155
624,620147.267,9630336.975
625,620122.207,9630343.305
626,620098.267,9630365.255
627,620092.337,9630372.728
628,620083.477,9630365.525
629,620045.377,9630296.946
630,619992.038,9630231.547
631,619860.589,9630150.897
632,619773.599,9630088.038
633,619771.028,9630086.922
634,619739.94,9630073.428
635,619674.54,9630074.068
636,619628.821,9630058.188
637,619590.721,9630038.509
638,619539.281,9629990.249
639,619504.992,9629975.009
640,619415.462,9629987.709
641,619372.283,9629983.899
642,619268.144,9629947.07
643,619056.685,9629903.89
644,618868.097,9629892.461
645,618772.208,9629900.711
646,618746.808,9629910.241
647,618336.475,9630108.679
648,618336.922,9630097.539
649,618328.982,9630078.51
650,618317.552,9630072.8
651,618287.412,9630077.29
652,618263.542,9630092.61
653,618243.443,9630114.999
654,618222.303,9630131.849
655,618219.507,9630133.463
656,618195.835,9630147.122
657,618195.021,9630147.592
658,618172.773,9630160.429
659,618149.284,9630164.239
660,618112.784,9630162.119
661,618066.094,9630148.999
662,618016.045,9630118.54
663,617977.195,9630086.77
664,617927.665,9630068.35
665,617803.206,9630044.221
666,617714.307,9630044.221
667,617693.987,9630033.431
668,617666.048,9629997.871
669,617603.188,9629947.702
670,617574.188,9629933.572
671,617537.149,9629926.752
672,617441.259,9629927.382
673,617415.86,9629917.222
674,617316.17,9629806.103
675,617288.001,9629783.943
676,617255.331,9629778.054
677,617228.541,9629781.334
678,617184.092,9629808.643
679,617157.422,9629832.773
680,617109.162,9629899.443
681,617048.203,9629940.082
682,617024.703,9629942.622
683,616990.243,9629937.102
684,616960.094,9629952.422
685,616935.174,9629992.792
686,616881.638,9630130.357
687,616880.179,9630134.107
688,616876.115,9630144.551
689,616832.295,9630214.4
690,616823.895,9630236.85
691,616798.645,9630271.55
692,616776.156,9630288.68
693,616620.847,9630363.629
694,616569.417,9630401.089
695,616436.699,9630559.208
696,616418.369,9630576.827
697,616392.249,9630591.587
698,616360.31,9630605.597
699,616173.033,9630666.114
700,616170.013,9630667.09
701,615906.484,9630752.246
702,615609.306,9630895.116
703,615539.826,9630921.397
704,615510.247,9630932.585
705,615486.284,9630937.804
706,615486.207,9630937.821
707,615456.256,9630944.344
708,615444.22,9630945.788
709,615310.182,9630925.603
710,615309.52,9630925.503
711,615042.031,9630885.221
712,615031.963,9630883.704
713,614511.998,9630840.585
714,614511.772,9630840.566
715,614362.958,9630828.226
716,614362.007,9630828.147
717,614099.555,9630806.383
718,613963.509,9630787.366
719,613856.362,9630772.388
720,613676.559,9630747.254
721,613453.679,9630723.699
722,613444.939,9630722.775
723,613215.562,9630698.532
724,613117.112,9630688.127
725,612960.055,9630672.222
726,612955.097,9630671.72
727,612870.868,9630663.19
728,612757.793,9630651.74
729,612720.179,9630649.483
730,612712.777,9630649.039
731,612633.787,9630644.299
732,612530.375,9630638.095
733,612361.112,9630616.369
734,612338.544,9630613.472
735,612275.174,9630614.821
736,612193.818,9630616.554
737,612163.025,9630615.012
738,612118.021,9630598.339
739,612111.082,9630570.583
740,612108.306,9630509.518
741,612106.918,9630451.228
742,612113.857,9630379.06
743,612091.652,9630299.953
744,612095.816,9630263.869
745,612115.245,9630234.725
746,612137.451,9630204.192
747,612169.371,9630179.211
748,612201.292,9630159.781
749,612227.661,9630134.8
750,612238.763,9630107.043
751,612222.109,9630083.45
752,612134.675,9630052.917
753,612027.811,9630022.385
754,611979.237,9630004.343
755,611958.419,9629977.974
756,611929.274,9629936.338
757,611875.49,9629906.896
758,611798.133,9629917.559
759,611725.608,9629908.755
760,611648.583,9629868.161
761,611578.844,9629868.161
762,611509.105,9629911.878
763,611454.568,9629971.041
764,611406.058,9629993.066
765,611347.768,9629986.821
766,611304.204,9629970.367
767,611254.089,9629939.981
768,611153.123,9629925.409
769,611108.365,9629968.085
770,611053.199,9630035.743
771,611006.676,9630099.12
772,610924.129,9630114.85
773,610861.676,9630139.831
774,610847.641,9630157.488
775,610847.404,9630272.675
776,610847.188,9630377.519
777,610799.088,9630459.139
778,610770.519,9630494.068
779,610705.749,9630556.928
780,610674,9630575.348
781,610653.68,9630581.698
782,610537.471,9630618.527
783,610519.691,9630638.207
784,610510.801,9630659.797
785,610504.451,9630691.547
786,610503.181,9630712.506
787,610508.261,9630758.856
788,610515.251,9630781.086
789,610545.731,9630850.295
790,610587.001,9630912.524
791,610627.64,9630949.994
792,610670.19,9630976.664
793,610713.37,9630995.714
794,610724.8,9630996.344
795,610736.229,9630993.174
796,610752.739,9630974.124
797,610764.169,9630953.164
798,610777.499,9630921.414
799,610800.999,9630854.745
800,610848.708,9630800.225
801,610848.728,9630821.185
802,610790.199,9631002.063
803,610782.579,9631033.813
804,610778.769,9631054.133
805,610776.749,9631067.503
806,610771.749,9631137.982
807,610771.749,9631167.542
808,610768.409,9631206.052
809,610734.92,9631262.971
810,610704.79,9631293.111
811,610679.67,9631324.92
812,610634.471,9631363.43
813,610592.611,9631390.21
814,610554.102,9631415.33
815,610518.952,9631438.77
816,610485.462,9631455.509
817,610453.653,9631473.929
818,610423.513,9631495.689
819,610408.453,9631509.079
820,610398.403,9631527.499
821,610399.013,9631532.579
822,610403.943,9631541.099
823,610411.793,9631547.589
824,610435.233,9631557.639
825,610454.663,9631558.688
826,610471.503,9631559.388
827,610496.422,9631557.108
828,610550.762,9631540.899
829,610599.311,9631515.779
830,610639.491,9631490.669
831,610669.771,9631460.479
832,610696.41,9631430.399
833,610719.85,9631400.26
834,610746.64,9631378.49
835,610763.16,9631366.48
836,610775.099,9631363.43
837,610824.979,9631361.94
838,610849.269,9631361.94
839,610849.319,9631409.41
840,610821.139,9631403.77
841,610776.78,9631398.58
842,610767.98,9631400.22
843,610748.7,9631408.66
844,610739.94,9631416.999
845,610716.5,9631438.769
846,610690.86,9631469.519
847,610674.651,9631494.019
848,610644.511,9631525.828
849,610626.101,9631542.568
850,610607.681,9631557.638
851,610585.911,9631569.358
852,610540.882,9631579.518
853,610501.022,9631589.488
854,610465.183,9631594.468
855,610411.343,9631599.468
856,610359.024,9631611.928
857,610324.154,9631626.888
858,610317.414,9631633.908
859,610314.724,9631641.978
860,610316.674,9631651.818
861,610319.164,9631684.227
862,610319.164,9631891.145
863,610316.674,9631945.995
864,610306.715,9631988.375
865,610281.805,9632030.764
866,610244.435,9632101.593
867,610222.015,9632146.463
868,610213.766,9632162.223
869,610210.487,9632169.364
870,610209.556,9632171.393
871,610207.816,9632183.423
872,610209.556,9632288.572
873,610219.516,9632325.961
874,610221.787,9632329.825
875,610244.435,9632368.351
876,610261.265,9632395.811
877,610281.805,9632430.67
878,610296.745,9632468.07
879,610314.185,9632502.96
880,610324.155,9632540.359
881,610344.085,9632595.199
882,610354.045,9632650.048
883,610349.065,9632699.908
884,610341.585,9632762.237
885,610336.185,9632805.557
886,610329.245,9632809.287
887,610324.735,9632814.197
888,610322.659,9632817.585
889,610322.345,9632818.097
890,610324.344,9632835.851
891,610324.735,9632839.327
892,610323.115,9632846.466
893,610313.915,9632855.656
894,610308.165,9632860.256
895,610297.419,9632868.894
896,610294.606,9632871.156
897,610266.146,9632896.286
898,610246.056,9632919.746
899,610229.745,9632933.548
900,610224.276,9632938.176
901,610217.116,9632942.388
902,610182.157,9632962.955
903,610166.102,9632979.016
904,610154.747,9632990.375
905,610139.1,9632999.41
906,610089.978,9633027.775
907,610060.944,9633058.44
908,610045.138,9633075.135
909,610012.091,9633112.928
910,610010.258,9633115.024
911,609965.419,9633174.864
912,609924.878,9633228.958
913,609920.579,9633234.693
914,609905.91,9633243.5
915,609858.3,9633272.083
916,609838.166,9633305.05
917,609830.89,9633316.962
918,609820.461,9633328.559
919,609808.471,9633341.892
920,609803.491,9633371.812
921,609813.451,9633391.752
922,609833.38,9633406.712
923,609853.31,9633419.172
924,609870.75,9633434.131
925,609893.17,9633456.571
926,609923.07,9633461.561
927,609950.469,9633461.561
928,609976.376,9633444.275
929,609980.369,9633441.611
930,609980.821,9633441.159
931,610002.789,9633419.171
932,610002.789,9633416.993
933,610002.789,9633361.832
934,610000.299,9633326.932
935,610015.239,9633297.013
936,610030.188,9633262.113
937,610067.558,9633244.663
938,610092.816,9633244.663
939,610094.958,9633244.663
940,610139.807,9633247.153
941,610164.717,9633254.633
942,610207.067,9633264.613
943,610244.436,9633274.582
944,610245.161,9633274.634
945,610279.306,9633277.072
946,610314.186,9633277.072
947,610341.586,9633282.062
948,610361.515,9633294.522
949,610391.415,9633329.422
950,610411.345,9633361.831
951,610428.785,9633389.261
952,610448.715,9633419.171
953,610463.665,9633444.111
954,610483.594,9633454.081
955,610528.434,9633454.08
956,610548.364,9633456.57
957,610578.253,9633469.04
958,610598.183,9633486.49
959,610615.623,9633508.92
960,610628.083,9633528.87
961,610638.043,9633546.319
962,610650.503,9633568.759
963,610660.463,9633603.659
964,610680.393,9633603.659
965,610705.302,9633601.169
966,610720.252,9633591.199
967,610757.622,9633571.249
968,610792.502,9633558.789
969,610819.901,9633556.289
970,610851.441,9633556.289
971,610926.72,9633547.279
972,610968.7,9633529.559
973,611080.649,9633472.58
974,611151.918,9633418.08
975,611227.027,9633354.691
976,611257.047,9633317.741
977,611267.387,9633289.751
978,611272.527,9633261.362
979,611267.717,9633240.972
980,611254.137,9633225.092
981,611227.277,9633215.002
982,611153.578,9633200.912
983,611083.718,9633179.223
984,611028.079,9633139.503
985,610946.59,9633096.263
986,610896.29,9633122.213
987,610851.171,9633115.313
988,610825.491,9633095.664
989,610791.471,9633077.104
990,610814.881,9633048.454
991,610851.08,9633025.674
992,610947.93,9633062.184
993,611008.879,9633092.753
994,611143.478,9633167.883
995,611279.257,9633202.402
996,611289.537,9633209.232
997,611295.466,9633217.862
998,611311.106,9633248.142
999,611316.146,9633271.011
1000,611310.096,9633293.711
1001,611280.407,9633354.771
1002,611238.347,9633422.02
1003,611153.058,9633491.74
1004,611077.979,9633544.969
1005,611023.619,9633567.799
1006,610957.16,9633582.879
1007,610851.501,9633610.699
1008,610817.411,9633606.149
1009,610794.992,9633611.139
1010,610772.572,9633633.579
1011,610727.732,9633658.508
1012,610700.323,9633675.958
1013,610680.393,9633675.958
1014,610670.433,9633665.988
1015,610638.043,9633631.079
1016,610610.643,9633601.169
1017,610598.183,9633578.729
1018,610588.223,9633561.279
1019,610570.784,9633538.84
1020,610555.834,9633526.38
1021,610525.944,9633516.4
1022,610486.084,9633516.4
1023,610461.165,9633511.42
1024,610423.805,9633476.51
1025,610398.885,9633444.111
1026,610359.025,9633411.701
1027,610329.136,9633384.271
1028,610306.716,9633351.861
1029,610284.296,9633326.932
1030,610256.886,9633304.492
1031,610182.157,9633304.492
1032,610152.403,9633308.217
1033,610142.297,9633309.482
1034,610112.398,9633309.482
1035,610087.488,9633319.452
1036,610060.088,9633354.362
1037,610047.628,9633386.772
1038,610037.659,9633429.151
1039,610037.659,9633461.561
1040,610018.97,9633501.301
1041,610017.729,9633503.941
1042,610011.13,9633506.691
1043,609994.826,9633513.488
1044,609987.839,9633516.4
1045,609940.51,9633531.36
1046,609888.31,9633527.08
1047,609864.65,9633514.631
1048,609843.47,9633497.191
1049,609812.331,9633487.221
1050,609787.421,9633483.481
1051,609761.261,9633483.481
1052,609726.381,9633485.981
1053,609716.683,9633488.693
1054,609706.185,9633491.63
1055,609695.242,9633494.691
1056,609652.892,9633500.921
1057,609604.313,9633512.131
1058,609549.503,9633525.841
1059,609499.684,9633537.051
1060,609446.124,9633550.751
1061,609405.015,9633561.961
1062,609345.225,9633583.13
1063,609328.962,9633591.806
1064,609307.866,9633603.06
1065,609270.496,9633621.75
1066,609220.666,9633650.4
1067,609190.777,9633674.07
1068,609155.897,9633690.26
1069,609130.987,9633716.419
1070,609111.058,9633740.069
1071,609098.598,9633759.999
1072,609073.688,9633787.409
1073,609051.268,9633816.059
1074,609032.689,9633837.729
1075,609028.848,9633842.208
1076,609025.01,9633845.408
1077,608991.479,9633873.358
1078,608960.339,9633903.248
1079,608934.217,9633927.734
1080,608922.019,9633939.167
1081,608917.604,9633940.827
1082,608904.22,9633945.857
1083,608899.86,9633948.567
1084,608896.22,9633951.887
1085,608880.897,9633969.757
1086,608870.83,9633981.497
1087,608863.93,9633987.337
1088,608821.144,9634017.217
1089,608808.501,9634026.047
1090,608755.081,9634066.136
1091,608710.562,9634110.686
1092,608663.822,9634155.236
1093,608621.533,9634193.105
1094,608588.143,9634230.975
1095,608565.883,9634262.155
1096,608551.403,9634293.805
1097,608541.573,9634312.184
1098,608515.224,9634359.044
1099,608494.724,9634405.904
1100,608480.074,9634455.683
1101,608491.794,9634523.042
1102,608500.574,9634566.972
1103,608512.294,9634602.112
1104,608526.934,9634634.331
1105,608538.644,9634678.261
1106,608544.504,9634698.761
1107,608547.434,9634736.83
1108,608539.451,9634787.369
1109,608538.644,9634792.48
1110,608518.894,9634848.907
1111,608518.144,9634851.049
1112,608500.574,9634889.119
1113,608484.405,9634932.919
1114,608489.135,9634945.348
1115,608512.674,9634988.858
1116,608529.544,9635013.278
1117,608554.064,9635058.597
1118,608571.164,9635084.237
1119,608596.804,9635118.437
1120,608616.754,9635192.516
1121,608633.843,9635238.106
1122,608656.643,9635283.695
1123,608668.453,9635310.665
1124,608682.283,9635337.835
1125,608693.963,9635359.514
1126,608706.983,9635376.884
1127,608716.473,9635389.124
1128,608725.023,9635397.664
1129,608742.123,9635403.364
1130,608767.762,9635377.724
1131,608774.832,9635364.944
1132,608782.012,9635352.074
1133,608794.588,9635336.215
1134,608802.652,9635326.045
1135,608803.037,9635326.376
1136,608813.052,9635334.984
1137,608823.512,9635350.834
1138,608833.002,9635366.324
1139,608834.772,9635375.184
1140,608835.829,9635390.217
1141,608836.152,9635394.814
1142,608822.984,9635404.806
1143,608822.592,9635405.104
1144,608787.712,9635414.764
1145,608784.862,9635448.953
1146,608781.342,9635496.823
1147,608784.862,9635514.493
1148,608790.022,9635526.133
1149,608804.802,9635540.133
1150,608841.852,9635562.932
1151,608867.492,9635580.022
1152,608901.681,9635611.372
1153,608927.331,9635642.711
1154,608941.851,9635644.241
1155,608951.111,9635642.921
1156,608959.711,9635638.951
1157,608967.221,9635628.462
1158,608979.204,9635607.915
1159,608987.161,9635594.272
1160,608995.71,9635562.932
1161,609015.66,9635537.282
1162,609023.21,9635531.122
1163,609029.17,9635530.462
1164,609035.6,9635534.432
1165,609036.605,9635543.474
1166,609038.45,9635560.082
1167,609044.15,9635608.522
1168,609055.55,9635654.111
1169,609064.1,9635694.001
1170,609067,9635701.741
1171,609072.64,9635716.791
1172,609092.58,9635745.28
1173,609108.54,9635756.7
1174,609129.619,9635768.08
1175,609152.419,9635779.48
1176,609183.759,9635790.87
1177,609206.549,9635799.42
1178,609220.799,9635799.42
1179,609260.688,9635782.33
1180,609286.338,9635768.08
1181,609288.292,9635766.684
1182,609306.278,9635753.83
1183,609329.077,9635731.04
1184,609357.567,9635705.39
1185,609368.967,9635676.901
1186,609371.817,9635648.411
1187,609340.467,9635605.671
1188,609326.227,9635565.782
1189,609320.527,9635560.082
1190,609303.428,9635568.622
1191,609286.338,9635582.872
1192,609277.888,9635589.332
1193,609269.288,9635589.992
1194,609263.538,9635588.572
1195,609254.988,9635574.322
1196,609246.448,9635554.382
1197,609246.448,9635540.132
1198,609260.688,9635520.192
1199,609274.948,9635485.993
1200,609294.888,9635457.503
1201,609299.067,9635443.803
1202,609294.887,9635411.913
1203,609289.197,9635383.424
1204,609269.248,9635354.924
1205,609246.458,9635332.134
1206,609240.758,9635323.584
1207,609229.358,9635300.794
1208,609226.508,9635269.445
1209,609223.658,9635235.255
1210,609217.958,9635206.765
1211,609206.558,9635178.266
1212,609183.768,9635138.376
1213,609169.518,9635118.436
1214,609126.779,9635101.336
1215,609123.929,9635087.086
1216,609135.329,9635078.547
1217,609166.668,9635087.086
1218,609175.47,9635089.601
1219,609186.618,9635092.786
1220,609220.808,9635095.636
1221,609237.405,9635079.047
1222,609240.758,9635075.696
1223,609254.997,9635069.997
1224,609259.062,9635069.996
1225,609269.247,9635069.996
1226,609272.097,9635104.186
1227,609263.547,9635141.226
1228,609254.998,9635183.965
1229,609254.998,9635226.705
1230,609266.398,9635272.295
1231,609300.587,9635315.034
1232,609334.787,9635354.924
1233,609351.867,9635400.513
1234,609363.267,9635431.863
1235,609377.517,9635466.053
1236,609382.407,9635484.152
1237,609372.487,9635549.642
1238,609377.517,9635577.172
1239,609397.457,9635611.371
1240,609417.407,9635637.011
1241,609425.946,9635651.261
1242,609437.696,9635660.661
1243,609455.946,9635664.711
1244,609465.846,9635662.651
1245,609481.436,9635655.461
1246,609511.646,9635635.911
1247,609520.806,9635626.011
1248,609526.487,9635615.786
1249,609550.735,9635572.141
1250,609581.585,9635498.082
1251,609639.184,9635417.853
1252,609680.334,9635349.963
1253,609715.303,9635298.534
1254,609750.273,9635236.814
1255,609772.903,9635162.765
1256,609807.872,9635082.536
1257,609824.332,9635033.166
1258,609853.132,9634959.107
1259,609871.652,9634915.907
1260,609898.391,9634864.478
1261,609921.021,9634813.048
1262,609948.271,9634774.749
1263,609961.671,9634762.319
1264,609986.98,9634725.509
1265,610020.078,9634700.684
1266,610023.79,9634697.899
1267,610070.486,9634655.109
1268,610074.359,9634651.56
1269,610074.583,9634651.405
1270,610117.019,9634622.03
1271,610122.819,9634615.78
1272,610126.607,9634609.368
1273,610128.839,9634605.59
1274,610129.629,9634598.96
1275,610120.419,9634578.26
1276,610104.319,9634569.05
1277,610072.119,9634562.15
1278,610023.8,9634559.851
1279,609986.34,9634547.711
1280,609966.28,9634536.841
1281,609947.34,9634517.841
1282,609942.43,9634516.521
1283,609960.06,9634490.431
1284,609967.76,9634500.891
1285,609978.04,9634513.691
1286,609987.17,9634522.821
1287,610001.93,9634528.241
1288,610006.144,9634528.892
1289,610056.499,9634536.671
1290,610093.749,9634542.871
1291,610109.277,9634546.095
1292,610133.92,9634551.211
1293,610138.589,9634552.181
1294,610172.758,9634576.11
1295,610178.808,9634579.2
1296,610188.988,9634581.98
1297,610200.088,9634582.95
1298,610261.588,9634565.85
1299,610329.927,9634521.401
1300,610388.006,9634483.791
1301,610476.635,9634445.661
1302,610524.675,9634425.661
1303,610586.174,9634422.241
1304,610647.674,9634449.601
1305,610671.594,9634480.371
1306,610702.343,9634517.98
1307,610729.683,9634559.01
1308,610753.593,9634596.629
1309,610777.513,9634641.079
1310,610783.003,9634643.489
1311,610790.343,9634644.059
1312,610795.993,9634643.209
1313,610801.053,9634637.689
1314,610806.553,9634604.287
1315,610809.192,9634588.259
1316,610808.072,9634571.41
1317,610790.102,9634475.911
1318,610775.493,9634389.411
1319,610773.242,9634326.502
1320,610781.112,9634287.182
1321,610791.447,9634272.512
1322,610806.112,9634251.693
1323,610823.082,9634231.323
1324,610852.092,9634215.193
1325,610911.011,9634228.293
1326,610948.881,9634255.382
1327,610987.98,9634286.282
1328,611023.27,9634315.882
1329,611103.699,9634406.951
1330,611163.879,9634487.64
1331,611196.409,9634589.329
1332,611186.788,9634584.39
1333,611139.779,9634560.259
1334,611107.19,9634536.76
1335,611049.87,9634478.48
1336,611028.523,9634444.7
1337,611014.12,9634421.911
1338,610971.892,9634372.799
1339,610961.921,9634361.201
1340,610899.405,9634332.784
1341,610888.861,9634327.992
1342,610883.932,9634385.001
1343,610905.801,9634500.94
1344,610932.611,9634559.86
1345,610937.721,9634623.419
1346,610930.026,9634672.603
1347,610929.011,9634679.089
1348,610908.832,9634725.148
1349,610852.772,9634727.268
1350,610833.262,9634730.498
1351,610778.973,9634730.498
1352,610728.073,9634710.128
1353,610687.154,9634688.089
1354,610668.934,9634668.649
1355,610654.364,9634641.929
1356,610633.714,9634613.999
1357,610620.354,9634592.14
1358,610605.784,9634565.41
1359,610593.634,9634543.55
1360,610577.845,9634521.69
1361,610557.195,9634503.471
1362,610529.265,9634499.831
1363,610504.975,9634504.691
1364,610483.115,9634521.69
1365,610453.966,9634542.34
1366,610430.256,9634562.65
1367,610402.946,9634589.71
1368,610371.347,9634613.26
1369,610353.917,9634620.73
1370,610337.367,9634624.93
1371,610305.787,9634641.929
1372,610274.208,9634656.509
1373,610242.628,9634673.509
1374,610215.908,9634688.089
1375,610200.118,9634694.159
1376,610153.888,9634711.779
1377,610148.169,9634713.959
1378,610080.899,9634757.009
1379,610057.894,9634775.172
1380,610035.835,9634792.588
1381,610029.78,9634797.368
1382,610005.57,9634818.888
1383,609973.281,9634848.488
1384,609962.521,9634880.768
1385,609954.441,9634910.367
1386,609955.091,9634935.287
1387,609967.901,9634964.177
1388,609966.751,9634979.397
1389,609959.831,9634999.156
1390,609938.301,9635050.276
1391,609900.631,9635125.605
1392,609862.972,9635222.464
1393,609836.062,9635292.414
1394,609809.153,9635362.373
1395,609785.433,9635402.523
1396,609749.963,9635478.062
1397,609733.823,9635510.352
1398,609680.994,9635566.201
1399,609671.054,9635586.061
1400,609667.084,9635603.941
1401,609663.814,9635617.971
1402,609663.834,9635628.051
1403,609665.094,9635633.741
1404,609672.794,9635651.061
1405,609673.044,9635659.561
1406,609671.324,9635665.94
1407,609665.094,9635671.48
1408,609639.275,9635693.33
1409,609611.465,9635725.11
1410,609599.545,9635737.03
1411,609577.695,9635762.85
1412,609563.795,9635780.729
1413,609559.785,9635787.059
1414,609558.565,9635795.299
1415,609559.815,9635802.579
1416,609565.775,9635824.429
1417,609570.135,9635838.619
1418,609572.305,9635863.399
1419,609575.365,9635872.259
1420,609578.765,9635878.889
1421,609594.585,9635893.268
1422,609601.925,9635905.538
1423,609607.525,9635920.588
1424,609624.785,9635959.418
1425,609654.975,9636011.187
1426,609685.174,9636065.827
1427,609719.694,9636142.046
1428,609749.894,9636183.746
1429,609765.704,9636203.875
1430,609784.404,9636234.075
1431,609823.233,9636270.025
1432,609849.113,9636297.354
1433,609865.703,9636307.234
1434,609939.662,9636353.804
1435,609972.542,9636372.974
1436,610005.912,9636378.109
1437,610008.152,9636378.453
1438,610030.072,9636351.064
1439,610035.551,9636304.494
1440,610038.291,9636266.144
1441,610027.331,9636227.785
1442,610041.031,9636194.915
1443,610073.901,9636167.525
1444,610098.561,9636151.085
1445,610194.44,9636151.085
1446,610254.709,9636134.645
1447,610299.199,9636123.306
1448,610345.398,9636114.386
1449,610381.868,9636111.146
1450,610399.198,9636105.376
1451,610404.078,9636110.416
1452,610410.688,9636113.036
1453,610428.368,9636107.136
1454,610449.007,9636095.346
1455,610470.217,9636087.646
1456,610475.237,9636087.156
1457,610477.007,9636090.926
1458,610471.027,9636098.176
1459,610451.957,9636113.035
1460,610423.948,9636124.825
1461,610403.548,9636134.235
1462,610353.328,9636134.645
1463,610295.799,9636151.085
1464,610232.789,9636167.525
1465,610191.7,9636178.475
1466,610131.43,9636183.955
1467,610098.561,9636186.695
1468,610071.161,9636230.525
1469,610065.681,9636268.884
1470,610065.681,9636348.324
1471,610062.941,9636408.583
1472,610046.501,9636471.592
1473,610038.292,9636509.942
1474,610054.722,9636597.611
1475,610060.202,9636641.441
1476,610069.317,9636660.806
1477,610082.121,9636688.01
1478,610137.591,9636742.8
1479,610160.361,9636756.63
1480,610184.16,9636759.24
1481,610212.93,9636763.35
1482,610248.54,9636764.72
1483,610317.029,9636774.309
1484,610367.709,9636778.419
1485,610437.568,9636792.109
1486,610530.707,9636797.589
1487,610604.677,9636804.439
1488,610658.096,9636812.659
1489,610706.876,9636820.559
1490,610739.665,9636820.029
1491,610766.055,9636834.638
1492,610796.435,9636849.638
1493,610823.675,9636865.868
1494,610854.734,9636877.868
1495,610892.164,9636895.368
1496,610928.474,9636921.437
1497,610991.143,9636981.807
1498,611016.483,9637068.296
1499,611037.633,9637159.815
1500,611077.153,9637263.524
1501,611099.892,9637304.904
1502,611102.312,9637309.304
1503,611140.092,9637343.993
1504,611197.572,9637368.933
1505,611237.691,9637373.113
1506,611294.181,9637356.933
1507,611336.75,9637337.333
1508,611401.95,9637299.613
1509,611435.089,9637278.063
1510,611467.689,9637253.814
1511,611512.568,9637212.574
1512,611560.378,9637148.935
1513,611565.842,9637140.921
1514,611600.988,9637089.375
1515,611630.857,9637037.486
1516,611645.657,9637005.576
1517,611659.177,9636972.416
1518,611734.026,9636820.667
1519,611780.835,9636736.478
1520,611794.77,9636716.478
1521,611818.945,9636681.779
1522,611837.445,9636619.719
1523,611836.524,9636612.025
1524,611833.735,9636588.73
1525,611831.055,9636521.5
1526,611818.955,9636480.161
1527,611815.085,9636424.221
1528,611820.065,9636378.712
1529,611820.329,9636377.192
1530,611839.154,9636269.053
1531,611850.094,9636225.953
1532,611862.195,9636168.234
1533,611867.164,9636144.534
1534,611884.744,9636080.764
1535,611889.704,9636052.065
1536,611884.184,9636033.365
1537,611870.754,9636025.795
1538,611863.714,9636025.215
1539,611853.484,9636038.595
1540,611834.934,9636086.284
1541,611823.894,9636095.874
1542,611797.695,9636098.684
1543,611726.465,9636077.215
1544,611709.145,9636077.915
1545,611662.046,9636088.874
1546,611641.046,9636088.404
1547,611621.426,9636082.115
1548,611597.957,9636072.315
1549,611582.567,9636062.065
1550,611563.107,9636042.625
1551,611556.747,9636029.135
1552,611554.827,9636013.725
1553,611568.967,9636015.945
1554,611587.967,9636016.525
1555,611629.006,9636033.695
1556,611661.286,9636039.205
1557,611690.336,9636027.165
1558,611710.845,9636024.055
1559,611727.075,9636022.895
1560,611739.035,9636023.665
1561,611750.995,9636027.555
1562,611797.695,9636037.025
1563,611803.545,9636033.765
1564,611814.644,9636018.235
1565,611827.734,9635986.505
1566,611880.764,9635972.255
1567,611925.241,9635983.883
1568,611930.413,9635985.235
1569,612008.003,9635951.705
1570,612030.612,9635953.375
1571,612051.032,9635964.625
1572,612105.192,9636007.935
1573,612165.501,9636040.764
1574,612204.301,9636051.584
1575,612301.883,9636054.596
1576,612307.658,9636054.775
1577,612321.9,9636055.214
1578,612360.419,9636060.554
1579,612399.599,9636072.424
1580,612447.919,9636100.924
1581,612485.788,9636140.693
1582,612537.368,9636185.213
1583,612599.397,9636210.732
1584,612652.947,9636222.602
1585,612701.916,9636219.042
1586,612741.956,9636203.012
1587,612773.856,9636193.172
1588,612812.165,9636178.292
1589,612847.995,9636157.023
1590,612886.415,9636130.703
1591,612917.924,9636115.783
1592,612931.144,9636109.523
1593,612976.964,9636107.433
1594,612981.234,9636108.607
1595,613020.103,9636119.293
1596,613026.225,9636124.757
1597,613050.363,9636146.303
1598,613074.029,9636177.675
1599,613075.483,9636179.602
1600,613089.053,9636222.972
1601,613102.173,9636312.111
1602,613126.863,9636389.02
1603,613136.932,9636400.19
1604,613151.562,9636396.44
1605,613176.632,9636372.61
1606,613184.202,9636361.149
1607,613199.971,9636337.275
1608,613230.871,9636290.491
1609,613245.423,9636276.133
1610,613246.661,9636274.911
1611,613251.335,9636272.71
1612,613264.181,9636266.661
1613,613287.831,9636269.791
1614,613311.071,9636284.921
1615,613333.591,9636323.291
1616,613354.37,9636373.22
1617,613369.12,9636385.92
1618,613391.43,9636392.52
1619,613406.07,9636385.28
1620,613418.39,9636375.36
1621,613426.08,9636361.07
1622,613441.461,9636316.435
1623,613443.109,9636311.651
1624,613458.849,9636280.351
1625,613467.689,9636269.931
1626,613469.444,9636269.734
1627,613477.499,9636268.831
1628,613489.119,9636275.231
1629,613510.709,9636293.241
1630,613531.859,9636341.77
1631,613558.108,9636389.08
1632,613581.928,9636424.899
1633,613647.288,9636505.658
1634,613660.732,9636540.58
1635,613662.168,9636544.308
1636,613662.068,9636559.928
1637,613650.808,9636579.768
1638,613636.338,9636589.548
1639,613589.998,9636590.928
1640,613514.269,9636590.648
1641,613488.589,9636599.558
1642,613452.75,9636625.818
1643,613382.19,9636686.157
1644,613310.251,9636757.936
1645,613275.692,9636779.206
1646,613241.032,9636810.656
1647,613270.022,9636838.916
1648,613319.541,9636848.306
1649,613365.181,9636864.015
1650,613403.17,9636882.185
1651,613433.42,9636910.465
1652,613467.52,9636936.225
1653,613502.81,9636969.634
1654,613450.71,9636964.034
1655,613408.97,9636939.465
1656,613372.311,9636914.945
1657,613335.601,9636896.785
1658,613310.77,9636892.714
1659,613286.072,9636888.665
1660,613241.642,9636878.055
1661,613202.552,9636843.346
1662,613201.835,9636838.998
1663,613194.142,9636792.396
1664,613221.172,9636760.867
1665,613236.982,9636749.594
1666,613339.031,9636676.837
1667,613353.576,9636664.414
1668,613375.16,9636645.977
1669,613407.28,9636614.508
1670,613431.62,9636588.168
1671,613449.595,9636574.526
1672,613475.299,9636555.018
1673,613529.799,9636551.548
1674,613552.049,9636552.448
1675,613600.598,9636558.588
1676,613606.238,9636553.538
1677,613608.076,9636549.148
1678,613609.988,9636544.578
1679,613612.798,9636529.858
1680,613608.298,9636519.228
1681,613580.608,9636495.868
1682,613545.319,9636453.219
1683,613521.289,9636405.65
1684,613498.789,9636336.65
1685,613491.749,9636327.05
1686,613484.509,9636325.36
1687,613450.015,9636379.776
1688,613442.76,9636391.221
1689,613431.82,9636408.48
1690,613408.7,9636429.409
1691,613388.42,9636439.989
1692,613373.51,9636439.649
1693,613359.34,9636429.95
1694,613330.181,9636388.01
1695,613305.931,9636345.78
1696,613282.461,9636322.301
1697,613264.431,9636331.531
1698,613232.642,9636378.574
1699,613227.232,9636386.58
1700,613214.703,9636401.396
1701,613175.022,9636448.32
1702,613154.662,9636452.5
1703,613133.033,9636444.62
1704,613108.893,9636425.57
1705,613092.473,9636401.62
1706,613070.943,9636357.14
1707,613055.773,9636316.471
1708,613044.413,9636272.011
1709,613036.853,9636228.422
1710,613014.093,9636169.092
1711,613006.843,9636155.582
1712,612989.705,9636142.525
1713,612986.184,9636139.843
1714,612945.514,9636137.243
1715,612906.074,9636158.773
1716,612864.085,9636184.112
1717,612822.105,9636205.632
1718,612775.046,9636222.072
1719,612722.184,9636244.259
1720,612693.636,9636256.242
1721,612644.047,9636266.322
1722,612594.477,9636267.522
1723,612548.738,9636261.102
1724,612506.838,9636233.092
1725,612468.769,9636202.563
1726,612431.979,9636165.673
1727,612405.349,9636130.073
1728,612391.333,9636114.333
1729,612373.639,9636094.464
1730,612337.589,9636077.011
1731,612336.81,9636076.634
1732,612288.52,9636072.754
1733,612246.56,9636079.034
1734,612171.701,9636099.314
1735,612157.591,9636098.674
1736,612146.121,9636094.124
1737,612066.152,9636039.395
1738,612024.242,9636019.015
1739,611998.953,9636021.755
1740,611978.463,9636032.915
1741,611951.713,9636065.894
1742,611927.493,9636102.684
1743,611918.646,9636118.974
1744,611901.994,9636149.634
1745,611884.104,9636204.213
1746,611878.944,9636246.113
1747,611873.694,9636338.812
1748,611876.144,9636387.081
1749,611879.422,9636399.165
1750,611887.514,9636429.001
1751,611896.324,9636476.001
1752,611913.488,9636505.516
1753,611922.934,9636521.76
1754,611957.204,9636549.75
1755,611990.203,9636573.93
1756,612061.293,9636621.029
1757,612134.932,9636666.859
1758,612180.652,9636688.508
1759,612234.001,9636705.108
1760,612282.281,9636715.338
1761,612334.38,9636723.038
1762,612392.8,9636745.988
1763,612438.479,9636790.497
1764,612465.089,9636833.717
1765,612482.819,9636871.846
1766,612484.821,9636891.177
1767,612487.819,9636920.116
1768,612477.559,9636970.895
1769,612457.149,9637012.775
1770,612434.2,9637049.565
1771,612406.17,9637088.894
1772,612394.71,9637101.734
1773,612375.6,9637123.134
1774,612346.351,9637166.214
1775,612344.968,9637188.352
1776,612343.881,9637205.753
1777,612366.521,9637225.993
1778,612415.51,9637218.103
1779,612426.295,9637204.368
1780,612442.68,9637183.503
1781,612455.65,9637138.504
1782,612454.45,9637097.854
1783,612463.884,9637077.516
1784,612471.659,9637060.754
1785,612507.539,9637042.225
1786,612545.979,9637039.755
1787,612642.138,9637078.904
1788,612584.391,9637083.055
1789,612531.669,9637086.844
1790,612506.449,9637094.754
1791,612502.035,9637166.483
1792,612498.99,9637215.971
1793,612497.179,9637245.393
1794,612488.549,9637261.753
1795,612464.024,9637273.992
1796,612440.7,9637285.632
1797,612400.76,9637319.972
1798,612457.61,9637315.722
1799,612516.189,9637298.082
1800,612559.789,9637294.132
1801,612613.548,9637298.822
1802,612645.998,9637303.252
1803,612667.907,9637307.727
1804,612718.207,9637318.002
1805,612753.097,9637326.852
1806,612792.847,9637363.731
1807,612803.597,9637403.551
1808,612779.257,9637445.961
1809,612737.067,9637470.67
1810,612698.938,9637486.16
1811,612662.098,9637503.45
1812,612631.948,9637559.46
1813,612630.587,9637588.019
1814,612629.988,9637600.569
1815,612634.105,9637624.377
1816,612639.158,9637653.599
1817,612656.858,9637712.588
1818,612698.148,9637798.377
1819,612713.65,9637833.884
1820,612714.538,9637835.917
1821,612750.118,9637900.516
1822,612768.407,9637930.896
1823,612779.767,9637954.976
1824,612844.727,9638035.815
1825,612878.777,9638067.925
1826,612950.676,9638125.834
1827,613008.065,9638155.644
1828,613094.355,9638190.993
1829,613137.544,9638199.943
1830,613160.784,9638193.713
1831,613168.113,9638187.186
1832,613180.804,9638175.883
1833,613188.014,9638156.093
1834,613184.874,9638110.874
1835,613177.154,9638088.254
1836,613097.384,9637916.686
1837,613084.744,9637876.026
1838,613078.474,9637831.567
1839,613079.814,9637790.927
1840,613087.514,9637750.297
1841,613107.924,9637710.978
1842,613129.2,9637685.936
1843,613134.722,9637679.436
1844,613135.944,9637677.998
1845,613136.473,9637677.685
1846,613176.653,9637653.928
1847,613218.623,9637641.288
1848,613266.923,9637641.368
1849,613312.652,9637655.408
1850,613362.172,9637682.148
1851,613396.441,9637707.597
1852,613433.241,9637741.947
1853,613461.141,9637778.807
1854,613478.861,9637822.016
1855,613495.291,9637870.296
1856,613515.54,9637917.315
1857,613539.61,9637963.075
1858,613591.58,9638040.614
1859,613614.4,9638077.484
1860,613642.27,9638125.783
1861,613679.079,9638156.313
1862,613699.163,9638157.6
1863,613740.079,9638160.223
1864,613757.155,9638124.458
1865,613764.318,9638109.453
1866,613751.708,9638056.104
1867,613739.058,9638017.984
1868,613737.85,9638012.809
1869,613728.969,9637974.785
1870,613721.439,9637920.165
1871,613741.866,9637881.784
1872,613744.398,9637877.025
1873,613800.448,9637805.986
1874,613822.137,9637762.846
1875,613850.177,9637726.007
1876,613844.648,9637749.98
1877,613829.667,9637814.926
1878,613776.028,9637958.345
1879,613776.547,9637962.856
1880,613778.118,9637976.505
1881,613785.688,9637997.764
1882,613796.688,9638007.774
1883,613811.828,9638015.904
1884,613830.578,9638014.314
1885,613851.717,9638010.904
1886,613869.607,9638002.774
1887,613918.307,9637999.204
1888,613953.836,9638034.814
1889,613972.806,9638083.103
1890,613984.6,9638129.37
1891,613985.436,9638132.653
1892,613991.706,9638177.112
1893,613991.626,9638224.102
1894,613985.856,9638294.901
1895,613946.397,9638329.801
1896,613916.337,9638342.011
1897,613872.178,9638328.931
1898,613807.358,9638322.821
1899,613739.719,9638327.181
1900,613722.646,9638340.014
1901,613719.989,9638342.011
1902,613719.049,9638386.501
1903,613755.859,9638412.03
1904,613785.191,9638447.761
1905,613785.748,9638448.44
1906,613784.897,9638452.755
1907,613775.419,9638500.78
1908,613770.98,9638525.956
1909,613766.959,9638548.769
1910,613753.809,9638576.679
1911,613707.569,9638569.099
1912,613696.9,9638569.313
1913,613685.74,9638569.538
1914,613677.71,9638569.699
1915,613639.86,9638581.839
1916,613628.027,9638604.276
1917,613609.6,9638639.218
1918,613571.081,9638676.748
1919,613561.37,9638684.947
1920,613551.821,9638693.008
1921,613520.871,9638713.428
1922,613487.362,9638749.108
1923,613480.973,9638755.251
1924,613450.442,9638784.607
1925,613413.552,9638801.057
1926,613391.482,9638805.158
1927,613372.863,9638808.617
1928,613325.843,9638807.277
1929,613280.094,9638800.857
1930,613190.104,9638777.318
1931,613142.875,9638773.978
1932,613088.215,9638777.708
1933,613034.836,9638773.818
1934,612987.786,9638788.988
1935,612967.367,9638837.217
1936,612943.137,9638877.817
1937,612881.887,9638938.836
1938,612893.567,9638877.747
1939,612924.147,9638839.687
1940,612945.817,9638800.358
1941,612963.687,9638761.008
1942,612977.056,9638745.488
1943,612994.236,9638734.388
1944,613099.715,9638743.438
1945,613144.195,9638744.778
1946,613230.584,9638767.768
1947,613272.514,9638777.987
1948,613310.093,9638785.587
1949,613350.643,9638792.117
1950,613380.213,9638787.887
1951,613420.352,9638770.447
1952,613487.032,9638703.578
1953,613500.03,9638689.269
1954,613513.321,9638674.638
1955,613537.861,9638639.829
1956,613540.433,9638628.662
1957,613545.051,9638608.615
1958,613548.651,9638592.989
1959,613551.271,9638549.819
1960,613576.761,9638511.76
1961,613620.04,9638476.26
1962,613656.96,9638439.49
1963,613683.719,9638400.161
1964,613700.329,9638353.191
1965,613706.759,9638312.561
1966,613699.201,9638291.533
1967,613690.319,9638266.822
1968,613652.24,9638236.282
1969,613576.08,9638182.833
1970,613541.82,9638147.223
1971,613510.121,9638107.804
1972,613486.051,9638064.584
1973,613470.871,9638020.114
1974,613458.251,9637974.375
1975,613446.891,9637927.375
1976,613430.451,9637880.356
1977,613396.291,9637796.486
1978,613362.052,9637750.717
1979,613313.812,9637718.907
1980,613266.803,9637706.138
1981,613223.603,9637700.988
1982,613186.703,9637725.057
1983,613166.274,9637775.817
1984,613172.554,9637819.007
1985,613183.904,9637864.746
1986,613196.543,9637907.946
1987,613206.633,9637947.325
1988,613207.747,9637950.783
1989,613220.543,9637990.525
1990,613236.983,9638032.465
1991,613258.503,9638082.024
1992,613260.963,9638127.744
1993,613230.303,9638214.053
1994,613196.5,9638241.408
1995,613189.574,9638247.013
1996,613136.184,9638252.013
1997,613086.625,9638246.863
1998,613033.255,9638239.163
1999,612983.716,9638225.113
2000,612930.366,9638205.983
2001,612879.567,9638184.313
2002,612840.197,9638163.934
2003,612798.297,9638137.204
2004,612766.578,9638107.944
2005,612733.598,9638071.065
2006,612705.698,9638036.735
2007,612677.808,9637994.785
2008,612622.089,9637882.947
2009,612603.109,9637834.657
2010,612542.399,9637665.669
2011,612524.689,9637622.459
2012,612517.139,9637580.54
2013,612521.019,9637538.64
2014,612536.369,9637489.13
2015,612541.79,9637479.241
2016,612559.319,9637447.261
2017,612591.169,9637405.401
2018,612607.768,9637363.511
2019,612574.769,9637335.522
2020,612571.193,9637337.092
2021,612531.519,9637354.512
2022,612489.54,9637377.301
2023,612438.68,9637387.391
2024,612392.93,9637384.782
2025,612353.541,9637374.562
2026,612312.911,9637352.912
2027,612276.111,9637321.102
2028,612250.752,9637285.503
2029,612243.252,9637216.913
2030,612253.492,9637175.024
2031,612257.751,9637165.188
2032,612293.061,9637083.644
2033,612319.181,9637042.645
2034,612346.35,9636993.225
2035,612369.93,9636941.326
2036,612377.346,9636911.687
2037,612381.75,9636894.086
2038,612381.77,9636869.606
2039,612377.42,9636850.007
2040,612365.61,9636831.297
2041,612318.721,9636813.037
2042,612164.992,9636792.447
2043,612120.602,9636779.297
2044,612073.793,9636752.138
2045,612037.173,9636725.068
2046,611968.444,9636694.208
2047,611944.584,9636696.188
2048,611932.837,9636735.33
2049,611930.124,9636744.368
2050,611928.582,9636754.172
2051,611923.334,9636787.538
2052,611910.144,9636835.727
2053,611891.865,9636883.867
2054,611865.945,9636931.926
2055,611814.335,9637006.446
2056,611764.066,9637073.345
2057,611703.567,9637145.234
2058,611672.647,9637185.614
2059,611641.767,9637220.924
2060,611574.918,9637291.473
2061,611542.828,9637321.673
2062,611467.139,9637385.782
2063,611421.06,9637414.572
2064,611376.33,9637435.752
2065,611335.47,9637450.612
2066,611285.741,9637462.832
2067,611241.181,9637466.212
2068,611200.492,9637464.542
2069,611145.862,9637457.642
2070,611104.023,9637443.252
2071,611100.033,9637441.412
2072,611067.293,9637426.352
2073,611029.453,9637392.923
2074,611005.613,9637359.623
2075,610966.914,9637284.224
2076,610930.924,9637192.315
2077,610909.174,9637097.606
2078,610883.074,9637065.486
2079,610855.014,9637037.456
2080,610830.875,9637002.807
2081,610811.665,9636976.377
2082,610792.465,9636959.557
2083,610768.805,9636943.787
2084,610758.855,9636940.337
2085,610739.645,9636933.137
2086,610731.316,9636932.167
2087,610724.796,9636932.167
2088,610720.446,9636933.137
2089,610701.886,9636937.637
2090,610699.146,9636940.597
2091,610667.006,9636925.238
2092,610649.976,9636919.558
2093,610640.026,9636916.948
2094,610595.227,9636913.958
2095,610508.598,9636899.028
2096,610415.988,9636902.008
2097,610317.409,9636904.998
2098,610230.78,9636899.028
2099,610148.251,9636899.958
2100,610129.071,9636900.968
2101,610110.901,9636907.018
2102,610079.612,9636918.128
2103,610057.402,9636936.298
2104,610048.562,9636949.808
2105,610043.983,9636975.679
2106,610043.272,9636979.698
2107,610046.302,9637007.957
2108,610060.512,9637060.327
2109,610102.332,9637096.177
2110,610147.141,9637143.976
2111,610180.001,9637194.756
2112,610215.851,9637242.555
2113,610242.73,9637284.375
2114,610284.55,9637350.094
2115,610311.44,9637397.884
2116,610329.36,9637463.603
2117,610339.07,9637507.082
2118,610355.37,9637540.172
2119,610362.22,9637547.242
2120,610382.579,9637563.382
2121,610393.119,9637571.742
2122,610410.229,9637603.131
2123,610413.629,9637623.571
2124,610415.989,9637642.831
2125,610412.999,9637684.641
2126,610410.019,9637723.48
2127,610412.299,9637735.77
2128,610422.519,9637754.26
2129,610433.919,9637768.29
2130,610463.789,9637804.13
2131,610490.669,9637839.979
2132,610513.597,9637874.371
2133,610514.569,9637875.829
2134,610514.648,9637876.855
2135,610517.559,9637914.658
2136,610535.478,9637953.488
2137,610565.298,9637999.218
2138,610594.968,9638030.037
2139,610634.058,9638058.047
2140,610657.622,9638074.798
2141,610710.247,9638112.206
2142,610770.736,9638135.036
2143,610813.286,9638153.636
2144,610855.066,9638165.576
2145,610855.066,9638165.526
2146,610912.815,9638147.526
2147,610964.055,9638128.696
2148,611006.984,9638120.006
2149,611059.074,9638130.246
2150,611099.703,9638151.896
2151,611132.703,9638178.615
2152,611164.423,9638209.145
2153,611230.382,9638282.904
2154,611271.012,9638305.824
2155,611310.402,9638316.044
2156,611349.811,9638308.484
2157,611386.711,9638285.674
2158,611468.18,9638218.495
2159,611519.049,9638204.595
2160,611559.699,9638216.095
2161,611643.498,9638265.744
2162,611687.928,9638296.294
2163,611733.618,9638330.653
2164,611758.967,9638371.333
2165,611777.947,9638418.342
2166,611785.497,9638460.262
2167,611795.487,9638559.341
2168,611795.397,9638612.681
2169,611792.657,9638718.08
2170,611800.207,9638762.539
2171,611817.907,9638813.369
2172,611843.247,9638861.668
2173,611874.937,9638908.697
2174,611902.817,9638954.467
2175,611907.817,9639002.727
2176,611902.657,9639044.626
2177,611885.967,9639134.766
2178,611893.527,9639174.145
2179,611915.057,9639213.545
2180,611951.876,9639236.465
2181,612001.426,9639250.504
2182,612040.806,9639260.724
2183,612080.185,9639272.214
2184,612119.575,9639282.434
2185,612158.925,9639306.624
2186,612197.014,9639332.083
2187,612230.004,9639362.613
2188,612252.844,9639388.623
2189,612257.914,9639394.403
2190,612312.423,9639470.682
2191,612345.413,9639505.022
2192,612389.853,9639531.761
2193,612427.942,9639552.131
2194,612477.472,9639576.341
2195,612526.451,9639606.73
2196,612573.991,9639614.58
2197,612615.551,9639610.03
2198,612636.25,9639629.92
2199,612671.77,9639669.34
2200,612704.75,9639701.139
2201,612741.56,9639732.949
2202,612782.229,9639734.279
2203,612819.549,9639719.579
2204,612858.548,9639700.099
2205,612897.988,9639678.569
2206,612947.578,9639669.759
2207,612986.947,9639686.329
2208,613039.047,9639688.949
2209,613091.196,9639671.249
2210,613094.576,9639624.1
2211,613062.116,9639584.84
2212,613031.667,9639551.78
2213,613034.847,9639505.341
2214,613066.126,9639474.361
2215,613108.096,9639461.721
2216,613158.135,9639462.361
2217,613209.175,9639491.601
2218,613158.455,9639492.271
2219,613112.146,9639489.941
2220,613074.766,9639502.721
2221,613064.866,9639517.531
2222,613060.716,9639548.6
2223,613122.666,9639620.44
2224,613129.176,9639677.209
2225,613110.916,9639705.929
2226,613070.746,9639725.469
2227,613021.137,9639726.249
2228,612969.057,9639718.109
2229,612916.928,9639715.059
2230,612873.468,9639736.249
2231,612792.859,9639783.779
2232,612750.78,9639793.528
2233,612698.74,9639781.579
2234,612663.34,9639759.609
2235,612629.241,9639733.849
2236,612577.341,9639722.899
2237,612548.641,9639745.089
2238,612501.672,9639801.219
2239,612484.712,9639809.049
2240,612458.622,9639805.129
2241,612409.943,9639783.829
2242,612326.503,9639730.87
2243,612273.364,9639702.02
2244,612250.644,9639683.07
2245,612248.534,9639638.55
2246,612248.764,9639615.66
2247,612252.994,9639573.741
2248,612253.424,9639529.241
2249,612247.544,9639480.862
2250,612222.464,9639443.742
2251,612190.964,9639412.913
2252,612153.025,9639389.653
2253,612111.255,9639367.623
2254,612069.455,9639349.413
2255,612022.516,9639336.234
2256,611980.676,9639321.834
2257,611936.267,9639309.954
2258,611894.387,9639300.644
2259,611847.457,9639286.194
2260,611813.448,9639251.525
2261,611788.328,9639218.215
2262,611777.298,9639176.145
2263,611784.168,9639124.076
2264,611793.478,9639082.206
2265,611807.908,9639037.857
2266,611805.818,9638992.057
2267,611788.428,9638948.647
2268,611742.028,9638880.798
2269,611720.798,9638839.899
2270,611712.308,9638797.859
2271,611714.058,9638749.549
2272,611714.498,9638703.78
2273,611712.418,9638656.71
2274,611715.808,9638570.271
2275,611713.748,9638520.662
2276,611706.578,9638473.542
2277,611693.048,9638426.362
2278,611668.058,9638380.343
2279,611640.438,9638343.193
2280,611610.209,9638312.374
2281,611565.889,9638291.594
2282,611521.399,9638287.344
2283,611480.61,9638295.844
2284,611443.35,9638333.623
2285,611416.251,9638372.783
2286,611385.371,9638408.083
2287,611347.081,9638421.693
2288,611301.222,9638427.603
2289,611250.472,9638414.383
2290,611207.503,9638384.713
2291,611183.723,9638345.064
2292,611162.473,9638306.704
2293,611132.243,9638275.894
2294,611096.893,9638248.835
2295,611051.274,9638230.585
2296,611006.904,9638214.895
2297,610984.284,9638212.935
2298,610957.335,9638210.595
2299,610906.895,9638213.405
2300,610853.956,9638231.915
2301,611002.385,9638785.51
2302,611002.385,9639179.606
2303,611007.816,9639510.243
2304,610998.296,9639615.002
2305,610998.296,9639662.612
2306,611074.485,9639729.281
2307,611141.145,9639767.38
2308,611151.92,9639786.774
2309,611188.764,9639853.09
2310,611217.334,9639957.849
2311,611215.404,9639992.604
2312,611212.574,9640043.558
2313,611206.835,9640089.472
2314,611198.961,9640152.46
2315,611188.765,9640234.026
2316,611182.752,9640273.109
2317,611160.195,9640419.744
2318,611153.92,9640449.727
2319,611120.106,9640611.304
2320,611117.346,9640624.492
2321,611065.834,9640826.853
2322,611050.677,9640886.4
2323,610950.678,9641195.907
2324,610950.678,9641448.285
2325,610950.678,9641511.592
2326,610950.678,9641586.373
2327,611060.197,9641738.752
2328,611150.087,9642025.479
2329,611186.576,9642017.469
2330,611196.766,9642019.539
2331,611200.352,9642022.926
2332,611203.236,9642025.649
2333,611217.706,9642039.319
2334,611244.716,9642056.899
2335,611268.456,9642058.359
2336,611301.985,9642054.959
2337,611344.185,9642035.079
2338,611367.505,9641997.199
2339,611379.445,9641952.85
2340,611385.004,9641909.7
2341,611389.454,9641852.561
2342,611406.594,9641798.101
2343,611462.764,9641780.901
2344,611521.093,9641798.041
2345,611580.603,9641824.081
2346,611637.442,9641861.52
2347,611663.502,9641859.64
2348,611675.762,9641847.95
2349,611664.912,9641793.191
2350,611642.432,9641754.831
2351,611619.912,9641720.292
2352,611607.622,9641680.772
2353,611600.662,9641619.703
2354,611614.232,9641607.163
2355,611645.112,9641570.583
2356,611678.431,9641545.443
2357,611726.881,9641535.713
2358,611752.141,9641538.603
2359,611775.14,9641545.043
2360,611811.8,9641569.533
2361,611835.64,9641604.082
2362,611849.2,9641649.982
2363,611848.73,9641698.302
2364,611849.46,9641751.321
2365,611858.09,9641783.591
2366,611873.66,9641801.021
2367,611887.67,9641809.94
2368,611936.679,9641813.54
2369,611983.779,9641811.42
2370,612024.448,9641816.87
2371,612063.808,9641824.86
2372,612108.218,9641837.98
2373,612149.967,9641862.51
2374,612189.157,9641889.569
2375,612224.487,9641920.409
2376,612263.636,9641950.009
2377,612309.366,9641958.049
2378,612351.375,9641955.889
2379,612422.295,9641942.789
2380,612454.985,9641944.359
2381,612503.194,9641951.708
2382,612535.534,9641959.768
2383,612579.543,9641963.228
2384,612619.223,9641956.788
2385,612664.563,9641942.618
2386,612709.892,9641924.179
2387,612754.752,9641908.569
2388,612795.941,9641885.259
2389,612823.301,9641854.039
2390,612834.381,9641809.759
2391,612834.201,9641756.36
2392,612812.241,9641710.13
2393,612782.411,9641675.191
2394,612765.921,9641653.091
2395,612760.901,9641596.872
2396,612795.871,9641572.222
2397,612799.351,9641530.592
2398,612778.421,9641495.832
2399,612748.491,9641465.973
2400,612735.381,9641422.473
2401,612767.911,9641449.843
2402,612797.871,9641478.433
2403,612847.11,9641497.252
2404,612872.01,9641471.653
2405,612904.58,9641434.993
2406,612930.41,9641391.653
2407,612926.22,9641364.234
2408,612927.899,9641326.924
2409,612939.029,9641233.515
2410,612957.139,9641192.695
2411,612984.959,9641164.415
2412,613019.998,9641130.806
2413,613033.678,9641084.036
2414,613054.908,9641041.246
2415,613072.318,9640998.377
2416,613058.618,9640971.907
2417,613015.338,9640934.038
2418,612976.089,9640912.478
2419,612937.039,9640892.598
2420,612902.099,9640858.818
2421,612888.989,9640815.319
2422,612898.769,9640772.289
2423,612933.869,9640736.139
2424,612980.018,9640719.29
2425,613026.048,9640708.79
2426,613067.138,9640690.57
2427,613110.877,9640667.31
2428,613150.487,9640659.22
2429,613129.327,9640698.21
2430,613081.597,9640730.279
2431,612985.418,9640766.449
2432,612951.889,9640788.639
2433,612943.349,9640832.969
2434,612972.009,9640862.798
2435,613018.868,9640873.938
2436,613060.868,9640873.528
2437,613107.927,9640874.498
2438,613069.248,9640899.138
2439,613026.968,9640913.518
2440,613061.988,9640943.487
2441,613103.207,9640981.207
2442,613099.628,9641031.996
2443,613072.168,9641068.306
2444,613056.128,9641106.116
2445,613044.338,9641154.825
2446,612996.869,9641204.075
2447,612971.879,9641244.245
2448,612968.109,9641301.034
2449,612967.439,9641336.974
2450,612969.779,9641398.503
2451,612956.729,9641425.763
2452,612931.25,9641462.473
2453,612907.02,9641492.122
2454,612875.9,9641520.732
2455,612871.88,9641565.462
2456,612854.99,9641604.771
2457,612807.691,9641621.041
2458,612826.041,9641657.021
2459,612853.021,9641707.16
2460,612863.561,9641751.88
2461,612866.491,9641795.17
2462,612856.611,9641843.279
2463,612839.221,9641884.879
2464,612814.271,9641922.508
2465,612771.782,9641947.068
2466,612682.282,9641968.108
2467,612641.423,9641974.898
2468,612619.633,9642016.758
2469,612646.333,9642046.207
2470,612725.512,9642094.877
2471,612774.862,9642117.127
2472,612816.361,9642132.346
2473,612868.361,9642141.046
2474,612909.01,9642144.426
2475,612952.26,9642145.316
2476,613005.73,9642143.876
2477,613046.639,9642134.546
2478,613086.309,9642123.926
2479,613111.909,9642113.206
2480,613217.508,9642066.057
2481,613251.247,9642046.177
2482,613285.617,9642022.887
2483,613316.017,9641996.027
2484,613328.416,9641982.687
2485,613354.626,9641945.078
2486,613365.686,9641933.198
2487,613380.806,9641924.038
2488,613398.496,9641915.468
2489,613421.985,9641912.998
2490,613446.835,9641916.458
2491,613494.905,9641930.168
2492,613535.774,9641943.677
2493,613575.874,9641953.447
2494,613613.884,9641956.767
2495,613684.073,9641948.587
2496,613697.033,9641945.317
2497,613705.953,9641939.597
2498,613717.913,9641929.607
2499,613736.273,9641903.098
2500,613788.332,9641830.678
2501,613863.171,9641717.779
2502,613894.601,9641673.94
2503,613918.401,9641629.92
2504,613937.04,9641589.62
2505,613959.38,9641554.481
2506,613986.9,9641515.631
2507,614010.54,9641479.241
2508,614044.859,9641433.872
2509,614082.479,9641396.242
2510,614109.309,9641378.282
2511,614143.378,9641363.982
2512,614234.727,9641337.102
2513,614284.887,9641331.722
2514,614385.196,9641310.213
2515,614431.525,9641302.272
2516,614483.715,9641295.883
2517,614507.005,9641295.883
2518,614537.454,9641292.293
2519,614612.684,9641285.123
2520,614657.103,9641285.302
2521,614707.963,9641287.622
2522,614739.863,9641292.292
2523,614790.012,9641308.422
2524,614836.592,9641333.512
2525,614935.111,9641408.781
2526,615012.12,9641451.791
2527,615051.53,9641469.71
2528,615097.169,9641483.81
2529,615136.419,9641493.52
2530,615180.889,9641496.98
2531,615224.158,9641496.6
2532,615271.848,9641491.21
2533,615295.138,9641480.46
2534,615356.037,9641442.83
2535,615400.817,9641417.74
2536,615429.476,9641405.191
2537,615468.886,9641385.481
2538,615519.555,9641362.811
2539,615556.855,9641343.241
2540,615635.434,9641296.541
2541,615726.823,9641245.692
2542,615773.403,9641222.392
2543,615845.052,9641179.382
2544,615882.662,9641161.462
2545,615922.071,9641145.332
2546,615968.641,9641134.583
2547,616002.671,9641132.783
2548,616049.67,9641138.502
2549,616094.02,9641150.702
2550,616149.559,9641169.802
2551,616212.239,9641197.302
2552,616270.578,9641225.701
2553,616308.348,9641245.551
2554,616384.197,9641279.741
2555,616421.817,9641294.081
2556,616473.766,9641310.2
2557,616510.496,9641317.1
2558,616553.636,9641323.07
2559,616612.255,9641319.19
2560,616645.725,9641310.2
2561,616694.454,9641281.47
2562,616730.744,9641249.161
2563,616794.393,9641185.621
2564,616858.253,9641129.402
2565,616876.502,9641144.531
2566,616868.863,9641152.821
2567,616758.474,9641262.44
2568,616726.104,9641289.75
2569,616691.214,9641315.73
2570,616647.455,9641340.26
2571,616574.086,9641349.61
2572,616502.426,9641344.26
2573,616421.317,9641320.14
2574,616381.947,9641303.571
2575,616295.588,9641261.531
2576,616243.528,9641233.511
2577,616197.809,9641210.582
2578,616155.899,9641191.472
2579,616113.99,9641176.162
2580,616068.96,9641166.812
2581,615974.201,9641164.522
2582,615927.151,9641175.882
2583,615886.252,9641190.142
2584,615830.482,9641216.372
2585,615602.765,9641331.601
2586,615517.515,9641381.001
2587,615475.536,9641402.521
2588,615436.096,9641425.32
2589,615400.467,9641444.32
2590,615359.747,9641472.2
2591,615324.127,9641491.19
2592,615277.068,9641508.9
2593,615226.218,9641516.44
2594,615185.549,9641515.11
2595,615139.799,9641509.96
2596,615078.4,9641500.18
2597,615042.57,9641489.42
2598,614945.451,9641443.631
2599,614903.551,9641416.901
2600,614863.461,9641389.071
2601,614788.042,9641332.902
2602,614739.783,9641313.782
2603,614694.043,9641306.092
2604,614652.093,9641306.032
2605,614605.434,9641308.792
2606,614446.095,9641326.342
2607,614406.696,9641333.512
2608,614356.536,9641344.262
2609,614275.927,9641360.392
2610,614240.107,9641369.352
2611,614200.698,9641381.902
2612,614172.038,9641392.652
2613,614129.518,9641415.722
2614,614093.879,9641442.342
2615,614055.689,9641476.571
2616,614021.289,9641518.431
2617,613994.53,9641561.571
2618,613934.63,9641651.65
2619,613817.392,9641820.368
2620,613803.322,9641869.868
2621,613793.062,9641921.927
2622,613778.382,9641945.637
2623,613759.942,9641963.787
2624,613738.433,9641977.377
2625,613710.333,9641985.297
2626,613687.673,9641988.837
2627,613662.023,9641987.767
2628,613608.654,9641981.337
2629,613560.374,9641973.647
2630,613509.555,9641959.597
2631,613463.825,9641944.288
2632,613442.545,9641940.198
2633,613423.165,9641940.418
2634,613401.416,9641944.168
2635,613388.346,9641947.878
2636,613379.926,9641953.048
2637,613364.096,9641968.927
2638,613353.176,9641984.757
2639,613326.406,9642029.167
2640,613292.017,9642067.217
2641,613276.567,9642079.486
2642,613260.757,9642088.156
2643,613238.587,9642097.616
2644,613179.218,9642114.826
2645,613166.648,9642119.676
2646,613147.418,9642132.656
2647,613145.128,9642136.636
2648,613138.038,9642171.116
2649,613130.329,9642219.365
2650,613121.349,9642267.615
2651,613109.749,9642357.794
2652,613105.839,9642409.824
2653,613106.229,9642427.763
2654,613108.859,9642446.023
2655,613115.919,9642458.103
2656,613158.909,9642514.263
2657,613179.338,9642530.582
2658,613193.158,9642539.712
2659,613219.978,9642552.232
2660,613262.708,9642568.002
2661,613356.427,9642584.962
2662,613407.626,9642599.281
2663,613439.726,9642626.221
2664,613466.366,9642656.741
2665,613517.165,9642679.681
2666,613553.355,9642693.09
2667,613592.095,9642711.54
2668,613541.745,9642709.75
2669,613503.136,9642703.79
2670,613462.496,9642689.761
2671,613396.216,9642645.981
2672,613366.157,9642627.731
2673,613317.397,9642615.261
2674,613240.198,9642602.542
2675,613206.518,9642606.542
2676,613161.579,9642617.102
2677,613128.809,9642644.951
2678,613107.139,9642702.551
2679,613107.639,9642721.411
2680,613109.809,9642743.09
2681,613113.599,9642762.8
2682,613123.899,9642775.12
2683,613137.449,9642784.97
2684,613160.099,9642788.53
2685,613237.278,9642826.58
2686,613288.068,9642854.589
2687,613327.397,9642892.749
2688,613333.737,9642916.019
2689,613333.667,9642941.018
2690,613297.918,9643031.118
2691,613272.428,9643070.457
2692,613249.478,9643112.327
2693,613230.339,9643150.397
2694,613208.649,9643197.356
2695,613161.479,9643277.285
2696,613134.72,9643316.615
2697,613111.76,9643359.765
2698,613101.17,9643403.294
2699,613093.49,9643453.954
2700,613099.33,9643480.444
2701,613181.359,9643531.313
2702,613201.609,9643577.063
2703,613177.39,9643618.932
2704,613093.42,9643664.732
2705,613056.281,9643687.212
2706,613025.301,9643727.551
2707,613029.881,9643773.351
2708,613066.541,9643795.331
2709,613124.93,9643807.38
2710,613182.16,9643809.26
2711,613282.829,9643795.06
2712,613334.898,9643803.24
2713,613437.617,9643833.54
2714,613476.867,9643850.47
2715,613518.627,9643871.249
2716,613570.376,9643908.639
2717,613600.506,9643945.809
2718,613628.086,9643982.948
2719,613680.615,9644064.827
2720,613708.185,9644103.237
2721,613733.205,9644141.627
2722,613753.105,9644182.496
2723,613765.395,9644222.016
2724,613768.595,9644277.965
2725,613764.315,9644319.845
2726,613749.095,9644375.244
2727,613747.8,9644376.718
2728,613711.045,9644418.544
2729,613694.007,9644445.672
2730,613685.546,9644459.144
2731,613677.456,9644479.804
2732,613674.576,9644493.243
2733,613675.546,9644520.373
2734,613680.446,9645092.968
2735,613832.375,9645267.686
2736,614083.063,9645563.953
2737,614280.582,9645776.661
2738,614462.9,9646042.548
2739,614558.043,9646149.582
2740,614677.97,9646284.498
2741,614766.768,9646384.395
2742,614861.094,9646412.692
2743,614994.666,9646452.764
2744,615306.133,9646528.733
2745,615663.17,9646771.82
2746,616012.617,9646885.769
2747,616156.329,9646974.158
2748,616158.014,9646975.195
2749,616393.753,9647120.186
2750,616459.563,9647101.486
2751,616506.762,9647092.196
2752,616507.372,9647091.846
2753,616545.952,9647069.706
2754,616550.664,9647064.702
2755,616571.902,9647042.147
2756,616632.341,9646925.738
2757,616704.32,9646867.768
2758,616769.889,9646803.089
2759,616800.419,9646784.089
2760,616830.979,9646757.469
2761,616862.819,9646719.419
2762,616900.848,9646680.79
2763,616914.824,9646670.69
2764,616940.718,9646651.98
2765,616974.827,9646629.42
2766,617012.987,9646612.96
2767,617053.707,9646587.63
2768,617055.29,9646586.76
2769,617090.606,9646567.36
2770,617128.756,9646552.181
2771,617175.805,9646544.631
2772,617309.274,9646537.211
2773,617356.294,9646538.55
2774,617385.232,9646538.595
2775,617402.053,9646538.62
2776,617406.851,9646538.268
2777,617452.903,9646534.89
2778,617494.06,9646518.727
2779,617501.232,9646515.911
2780,617503.232,9646505.732
2781,617510.212,9646470.211
2782,617511.562,9646425.761
2783,617504.112,9646329.232
2784,617497.832,9646284.773
2785,617482.652,9646246.653
2786,617380.603,9645956.516
2787,617349.473,9645875.817
2788,617306.843,9645770.148
2789,617287.854,9645726.938
2790,617270.144,9645682.469
2791,617239.804,9645590.989
2792,617185.394,9645452.481
2793,617171.494,9645410.551
2794,617160.124,9645369.892
2795,617150.034,9645327.972
2796,617145.024,9645287.322
2797,617144.031,9645270.98
2798,617142.554,9645246.683
2799,617143.23,9645224.428
2800,617143.904,9645202.233
2801,617148.164,9645154.194
2802,617147.884,9645108.264
2803,617130.254,9645014.255
2804,617111.397,9644971.325
2805,617111.274,9644971.045
2806,617092.935,9644938.536
2807,617080.182,9644928.172
2808,617045.305,9644899.826
2809,616956.426,9644851.437
2810,616918.316,9644837.407
2811,616872.586,9644824.637
2812,616833.197,9644815.687
2813,616776.337,9644813.187
2814,616734.058,9644814.267
2815,616683.248,9644801.497
2816,616643.889,9644774.768
2817,616615.979,9644745.518
2818,616591.909,9644703.568
2819,616568.869,9644654.139
2820,616554.049,9644610.999
2821,616517.239,9644525.66
2822,616504.609,9644478.651
2823,616503.409,9644436.741
2824,616536.889,9644200.583
2825,616558.579,9644151.094
2826,616585.328,9644118.114
2827,616618.418,9644092.764
2828,616659.128,9644075.044
2829,616699.827,9644061.134
2830,616746.867,9644051.044
2831,616796.446,9644044.774
2832,616848.566,9644039.774
2833,616893.075,9644029.684
2834,616932.515,9644006.885
2835,616959.285,9643963.745
2836,616958.095,9643916.755
2837,616942.935,9643867.196
2838,616937.925,9643826.556
2839,616939.275,9643779.567
2840,616952.065,9643737.677
2841,616967.394,9643695.787
2842,616987.804,9643653.908
2843,617023.454,9643617.138
2844,617095.983,9643572.798
2845,617144.093,9643540.859
2846,617140.466,9643569.771
2847,617139.413,9643578.168
