x,$y
633635.503,9621971.294
633653.468,9621946.874
633752.401,9621812.394
633777.573,9621778.177
633908.305,9621493.389
633932.551,9621440.571
634019.384,9621255.781
634062.602,9621163.809
634093.041,9621082.862
634072.511,9621062.597
634053.144,9621043.479
634089.03,9620941.341
634090.304,9620937.714
634158.909,9620786.212
634207.503,9620689.023
634238.947,9620634.711
634247.233,9620619.884
634268.715,9620597.216
634308.625,9620523.078
634326.673,9620476.369
634364.911,9620377.408
634372.005,9620353.84
634411.205,9620290.952
634463.632,9620248.385
634527.482,9620203.053
634578.586,9620161.688
634632.576,9620090.383
634676.345,9620040.001
634709.292,9620029.659
634776.629,9619990.339
634835.309,9619931.299
634929.219,9619820
634970.769,9619781.543
634987.877,9619768.582
635037.066,9619730.87
635072.911,9619710.336
635145.539,9619668.732
635226.778,9619625.969
635236.685,9619620.754
635291.036,9619594.06
635310.996,9619581.073
635314.523,9619578.356
635326.301,9619569.282
635327.229,9619541.032
635313.012,9619520.54
635301.617,9619504.116
635277.688,9619476.941
635260.904,9619456.132
635251.114,9619443.994
635231.995,9619432.811
635192.675,9619432.09
635159.367,9619439.785
635148.057,9619444.982
635123.775,9619456.139
635108.263,9619465.037
635084.936,9619480.669
635061.007,9619488.364
635025.415,9619487.282
634999.378,9619477.785
634996.075,9619476.58
634987.403,9619469.336
634976.355,9619460.107
634965.893,9619445.317
634963.128,9619421.989
634966.976,9619394.814
634980.563,9619352.247
634993.61,9619332.036
635010.402,9619306.022
635019.852,9619294.755
635070.774,9619234.04
635159.388,9619154.001
635230.851,9619091.114
635319.465,9619079.68
635402.362,9619068.246
635545.288,9619036.802
635606.283,9619014.893
635640.786,9618990.584
635669.341,9618966.441
635694.352,9618936.019
635695.765,9618934.767
635708.984,9618918.61
635732.662,9618902.099
635762.202,9618875.945
635812.913,9618820.824
635859.929,9618769.72
635936.525,9618720.9
635962.874,9618708.461
636005.667,9618687.468
636052.682,9618656.93
636121.861,9618602.782
636160.301,9618558.57
636202.747,9618509.75
636240.264,9618457.564
636242.275,9618455.556
636291.924,9618405.989
636343.915,9618368.823
636377.304,9618344.955
636436.263,9618302.809
636465.715,9618285.633
636510.053,9618253.621
636585.795,9618180.447
636627.733,9618127.724
636644.888,9618081.077
636654.66,9618054.507
636669.239,9617971.193
636684.792,9617925.207
636693.784,9617898.618
636727.975,9617791.812
636739.16,9617771.807
636768.38,9617728.158
636796.036,9617696.534
636801.277,9617691.587
636843.052,9617663.226
636903.621,9617622.105
636936.843,9617611.641
636960.855,9617604.078
636991.434,9617594.446
637059.733,9617578.213
637075.102,9617572.518
637118.548,9617537.263
637153.744,9617502.066
637188.941,9617447.671
637204.939,9617394.876
637212.939,9617343.681
637199.966,9617261.638
637187.079,9617227.32
637166.525,9617192.085
637171.419,9617155.871
637189.02,9617129.926
637198.307,9617116.238
637208.433,9617101.312
637233.08,9617042.336
637260.485,9616976.76
637288.868,9616937.61
637331.661,9616903.507
637366.189,9616834.841
637373.041,9616762.414
637350.535,9616651.464
637358.29,9616623.792
637367.168,9616592.112
637380.109,9616545.935
637372.062,9616495.216
637362.56,9616435.326
637351.508,9616412.022
637335.179,9616369.367
637315.295,9616345.467
637294.13,9616320.03
637268.315,9616258.359
637250.697,9616216.272
637230.973,9616123.78
637204.696,9616077.29
637179.249,9616032.268
637180.227,9616004.863
637190.232,9615977.31
637184.591,9615969.281
637135.285,9615899.101
637135.26,9615899.066
637107.941,9615860.182
637090.162,9615839.232
637047.862,9615805.902
637024.752,9615823.352
636984.112,9615827.162
636961.893,9615839.862
636900.933,9615927.492
636871.724,9615956.701
636859.024,9615961.151
636835.884,9615963.641
636815.004,9615961.191
636732.655,9615944.002
636598.676,9615937.022
636510.407,9615951.622
636382.138,9616002.421
636328.798,9616044.331
636256.409,9616128.791
636200.53,9616166.89
636145.29,9616215.78
636082.421,9616262.77
635977.012,9616327.539
635856.363,9616384.689
635820.203,9616390.739
635799.854,9616384.689
635720.644,9616330.129
635705.234,9616322.46
635675.395,9616294.52
635654.435,9616177.051
635614.435,9616103.392
635575.065,9616067.192
635529.975,9616060.212
635503.946,9616044.972
635385.837,9615935.753
635345.197,9615881.774
635245.498,9615693.186
635154.058,9615287.419
635077.858,9615136.931
635043.569,9615094.381
635021.979,9615077.871
634954.039,9614990.882
634882.28,9614938.813
634854.98,9614881.663
634839.74,9614865.154
634833.477,9614855.56
634815.228,9614827.605
634675.59,9614613.698
634663.78,9614598.232
634644.31,9614544.558
634633.263,9614514.105
634575.012,9614377.043
634333.644,9614149.51
634312.694,9614154.59
634289.834,9614171.74
634265.064,9614202.85
634249.824,9614239.05
634232.045,9614329.219
634192.675,9614265.72
634047.266,9614449.228
633981.857,9614508.288
633870.738,9614585.117
633810.2,9614641.808
633741.843,9614720.983
633648.054,9614876.176
633573.984,9614975.903
633534.252,9615012.656
633522.906,9615023.153
633522.897,9615023.243
633448.462,9615015.644
633298.604,9615028.344
633238.052,9615028.344
633166.114,9615028.344
633106.745,9615044.874
632918.402,9614991.207
632861.518,9614973.676
632634.509,9614915.469
632579.292,9614916.181
632577.537,9614916.204
632521.73,9614916.923
632514.745,9614918.487
632513.279,9614918.815
632424.233,9614938.751
632306.36,9614988.23
632272.62,9615025.094
632258.868,9615027.193
632249.546,9615034.62
632173.188,9615095.447
632128.226,9615127.312
632127.206,9615128.035
631904.066,9615286.173
631913.412,9615343.181
631913.753,9615345.258
631915.603,9615356.547
631915.855,9615358.084
631918.749,9615375.736
631918.792,9615375.998
631919.335,9615379.309
631926.364,9615385.634
631956.246,9615412.525
631982.074,9615446.962
631991.007,9615462.022
631991.299,9615462.515
632007.182,9615489.292
632013.492,9615663.916
632017.97,9615679.591
632018.02,9615679.766
632089.563,9615930.166
632089.587,9615930.25
632125.325,9616055.332
632155.86,9616153.041
632189.905,9616235.475
632188.171,9616249.962
632185.877,9616248.303
632187.467,9616251.792
632192.078,9616261.915
632214.675,9616320.564
632252.775,9616498.992
632283.255,9616599.321
632293.415,9616680.601
632298.495,9616856.499
632291.505,9616939.678
632272.455,9617044.457
632212.766,9617257.176
632189.906,9617383.545
632137.207,9617538.483
632099.108,9617602.613
632038.148,9617676.272
631982.899,9617715.642
631977.637,9617717.64
631964.273,9617722.714
631914.319,9617741.682
631870.51,9617765.812
631792.4,9617821.691
631775.261,9617842.641
631759.381,9617890.271
631749.221,9617936.62
631693.982,9618077.589
631655.882,9618211.578
631654.612,9618360.167
631601.273,9618565.905
631449.505,9618915.782
631436.175,9618936.742
631316.796,9619031.351
631277.427,9619106.281
631217.097,9619183.12
631186.618,9619299.959
631111.688,9619384.408
631095.819,9619498.077
631096.449,9619558.397
631078.909,9619629.206
631071.809,9619646.526
631056.449,9619699.366
631053.269,9619774.295
631122.489,9619871.454
631131.379,9619918.444
631108.44,9620041.588
631103.147,9620070.004
631090.099,9620140.052
631034.86,9620339.44
631035.49,9620365.48
631056.45,9620444.219
631028.511,9620568.678
631030.411,9620699.487
631014.541,9620840.456
630998.661,9620893.155
630974.531,9620929.355
630880.552,9621004.914
630858.333,9621039.204
630850.713,9621111.593
630889.443,9621215.102
630878.653,9621262.722
630856.423,9621297.012
630828.483,9621324.322
630806.893,9621373.211
630804.354,9621398.611
630815.783,9621467.19
630808.804,9621503.39
630798.004,9621524.34
630754.194,9621562.44
630624.905,9621633.249
630576.396,9621673.569
630508.077,9621892.547
630429.963,9621923.18
630401.101,9621934.499
630312.368,9621969.297
630109.67,9622111.226
630130.63,9622155.035
630098.881,9622224.885
630007.442,9622261.714
629924.892,9622315.054
629879.803,9622335.374
629867.103,9622334.104
629779.473,9622287.114
629732.484,9622275.685
629708.994,9622283.945
629655.655,9622325.214
629654.385,9622327.854
629637.092,9622363.799
629636.632,9622364.756
629575.005,9622492.853
629480.397,9622628.112
629405.467,9622707.481
629277.969,9622793.051
629269.999,9622804.401
629234.448,9622974.302
629234.041,9622976.248
629221.319,9623037.049
629172.42,9623111.338
629160.99,9623146.898
629166.07,9623183.727
629178.14,9623204.047
629229.57,9623257.387
629285.449,9623294.856
629324.189,9623330.416
629382.608,9623429.475
629399.118,9623494.244
629405.468,9623576.154
629402.928,9623598.383
629373.079,9623669.503
629324.819,9623729.822
629287.99,9623750.142
629230.21,9623762.842
629180.04,9623764.752
629154.641,9623758.402
629126.071,9623737.442
629051.772,9623646.003
629006.052,9623618.704
628980.652,9623612.354
628947.002,9623614.254
628834.603,9623679.663
628819.109,9623691.218
628818.717,9623691.511
628817.585,9623692.355
628759.674,9623735.543
628693.005,9623771.103
628608.546,9623834.602
628517.746,9623876.512
628428.207,9623900.002
628401.537,9623900.002
628396.396,9623900.774
628338.038,9623909.532
628291.688,9623924.772
628260.569,9623947.632
628245.969,9623968.582
628235.809,9623990.811
628231.999,9624023.191
628247.239,9624105.74
628248.509,9624152.73
628235.169,9624200.99
628220.569,9624221.949
628151.99,9624242.269
628078.961,9624221.31
628032.611,9624220.68
627961.492,9624244.17
627891.642,9624291.159
627757.654,9624367.359
627705.584,9624449.278
627586.471,9624419.302
627584.997,9624418.931
627511.276,9624400.379
627439.526,9624391.489
627414.757,9624396.569
627342.367,9624433.399
627306.478,9624474.948
627285.398,9624492.248
627264.898,9624500.078
627254.108,9624494.358
627249.818,9624470.008
627250.928,9624417.529
627245.218,9624390.219
627227.038,9624369.899
627192.769,9624364.959
627175.639,9624368.659
627094.719,9624407.999
627078.12,9624425.509
627075.67,9624445.469
627089.98,9624486.068
627088.66,9624503.368
627065.17,9624532.088
626944.231,9624602.948
626920.731,9624631.517
626913.751,9624658.187
626866.762,9624664.537
626833.742,9624684.857
626808.342,9624692.477
626757.543,9624672.157
626732.143,9624669.617
626695.943,9624687.397
626661.264,9624717.897
626640.704,9624719.787
626619.744,9624704.547
626593.714,9624671.527
626492.115,9624592.788
626466.715,9624559.129
626422.895,9624475.309
626378.336,9624440.97
626311.646,9624414.17
626257.574,9624401.412
626199.377,9624387.68
626150.488,9624366.091
626065.398,9624315.291
625919.169,9624260.522
625832.32,9624194.602
625774.571,9624086.063
625754.881,9624067.014
625679.321,9624032.084
625599.942,9623981.925
625507.233,9623874.606
625485.643,9623793.966
625486.197,9623717.414
625486.208,9623715.937
625487.552,9623530.439
625457.072,9623411.06
625485.012,9623311.371
625485.642,9623274.541
625466.592,9623221.201
625423.413,9623169.132
625394.203,9623147.542
625388.493,9623136.742
625336.423,9623103.092
625248.154,9623063.723
625163.705,9623049.753
625041.146,9623049.113
624994.796,9623028.794
624917.957,9622973.554
624868.427,9622947.515
624811.277,9622933.545
624659.869,9622941.165
624581.13,9622931.005
624264.272,9622784.327
624196.323,9622760.827
624152.513,9622755.117
624075.674,9622701.778
624070.594,9622689.708
624011.544,9622631.288
623988.044,9622621.768
623941.695,9622623.038
623870.575,9622593.829
623835.646,9622551.279
623768.336,9622442.7
623744.846,9622424.92
623721.346,9622416.66
623687.057,9622414.121
623628.007,9622437.62
623594.348,9622464.29
623558.788,9622509.37
623525.768,9622536.68
623504.179,9622567.789
623484.499,9622584.299
623432.429,9622612.879
623397.5,9622616.689
623327.02,9622584.939
623304.16,9622581.76
623260.341,9622604.619
623241.291,9622622.399
623175.252,9622711.939
623123.182,9622769.088
623049.523,9622816.708
623024.763,9622819.888
622978.403,9622791.948
622933.954,9622779.878
622885.064,9622781.788
622837.435,9622792.578
622752.985,9622795.758
622736.476,9622813.538
622711.706,9622910.057
622681.866,9622937.357
622607.567,9622976.727
622526.288,9623005.937
622405.639,9623029.437
622329.439,9623051.657
622316.109,9623045.307
622235.46,9623045.947
622181.491,9623024.987
622117.351,9622972.917
622064.651,9622897.988
622047.502,9622886.558
622004.962,9622833.219
621992.892,9622828.139
621968.762,9622835.129
621898.283,9622881.479
621862.723,9622873.229
621852.563,9622865.609
621846.213,9622844.019
621848.113,9622821.789
621867.163,9622788.139
621867.199,9622787.453
621867.25,9622786.491
621867.803,9622776.069
621862.083,9622732.89
621850.023,9622700.51
621850.653,9622670.66
621872.243,9622655.421
621947.172,9622652.25
621959.872,9622644.631
621965.592,9622632.561
621983.372,9622375.393
621971.302,9622348.723
621902.092,9622289.034
621843.033,9622210.294
621782.713,9622165.205
621775.869,9622155.342
621767.176,9622142.813
621739.533,9622102.976
621647.137,9622069.734
621617.716,9622060.87
621584.467,9622035.01
621571.537,9621992.526
621575.232,9621929.724
621562.302,9621905.711
621527.206,9621854.915
621510.582,9621817.049
621476.41,9621710.839
621468.958,9621692.898
621468.058,9621690.731
621426.538,9621590.776
621390.519,9621511.349
621361.888,9621492.878
621290.774,9621468.865
621239.978,9621440.235
621193.8,9621369.12
621144.851,9621351.573
621086.666,9621336.796
621017.399,9621310.012
620910.715,9621255.411
620907.379,9621253.703
620900.106,9621249.981
620860.393,9621234.28
620805.759,9621218.914
620801.285,9621217.656
620804.631,9621240.941
620814.431,9621319.346
620845.303,9621416.862
620886.434,9621570.596
620909.987,9621651.096
620925.097,9621702.742
620959.48,9621773.604
621039.845,9621939.234
621090.318,9622049
621107.399,9622089.281
621155.982,9622203.85
621166.438,9622234.731
621174.6,9622258.839
621189.182,9622301.907
621207.807,9622358.512
621217.072,9622375.686
621251.14,9622438.836
621281.79,9622494.852
621284.723,9622502.294
621288.055,9622510.749
621300.956,9622543.487
621357.435,9622686.803
621364.709,9622717.785
621381.506,9622789.336
621388.248,9622814.51
621394.769,9622821.368
621416.158,9622839.524
621428.863,9622843.814
621467.151,9622829.617
621516.644,9622805.606
621525.13,9622805.142
621579.367,9622802.176
621616.12,9622842.358
621646.492,9622900.078
621659.655,9622933.462
621665.099,9622946.818
621700.727,9623036.769
621737.589,9623119.887
621738.475,9623128.229
621739.117,9623173.496
621735.719,9623230.96
621734.565,9623244.395
621740.588,9623268.11
621748.411,9623284.374
621754.892,9623297.848
621782.372,9623334.362
621875.35,9623443.151
621978.116,9623566.62
622009.36,9623606.145
622082.764,9623695.36
622154.662,9623783.068
622196.07,9623813.559
622229.726,9623849.276
622237.134,9623855.749
622252.546,9623869.215
622266.326,9623885.957
622267.593,9623894.573
622259.529,9623978.37
622257.21,9624002.468
622252.197,9624054.556
622254.04,9624063.51
622265.51,9624074.61
622265.71,9624074.803
622292.06,9624099.271
622308.453,9624123.773
622316.581,9624158.748
622314.203,9624180.359
622304.366,9624221.302
622294.434,9624240.474
622286.178,9624253.683
622242.079,9624288.395
622218.279,9624305.931
622202.233,9624318.396
622182.717,9624331.558
622169.767,9624342.001
622153.384,9624355.214
622148.64,9624361.267
622148.607,9624362.68
622149.259,9624395.949
622150.457,9624418.191
622150.898,9624426.39
622162.191,9624474.573
622175.006,9624508.771
622178.359,9624515.082
622193.435,9624543.46
622219.409,9624576.962
622245.813,9624607.222
622273.843,9624630.98
622283.705,9624639.34
622321.422,9624661.283
622335.476,9624670.006
622354.171,9624681.61
622385.732,9624715.013
622397.084,9624735.44
622406.848,9624756.979
622406.848,9624782.241
622406.848,9624787.906
622401.066,9624806.302
622399.005,9624812.857
622380.898,9624840.088
622347.019,9624874.343
622327.729,9624898.964
622318.41,9624910.857
622309.376,9624934.949
622309.34,9624935.74
622307.87,9624968.451
622309.195,9624988.056
622317.243,9625009.537
622337.006,9625044.444
622338.737,9625047.502
622368.257,9625100.345
622384.539,9625153.598
622383.909,9625186.029
622382.404,9625241.364
622384.393,9625267.821
622386.108,9625290.627
622386.673,9625292.566
622396.982,9625327.911
622418.446,9625380.345
622422.187,9625389.483
622423.375,9625397.701
622426.733,9625432.674
622427.025,9625440.958
622428.014,9625468.919
622427.229,9625512.351
622429.084,9625525.955
622442.094,9625544.643
622446.59,9625548.196
622460.099,9625550.512
622478.204,9625551.732
622541.786,9625545.484
622546.474,9625545.819
622582.976,9625548.427
622630.41,9625558.916
622632.636,9625559.663
622664.536,9625573.837
622689.672,9625582.933
622692.009,9625583.779
622719.655,9625583.011
622752.018,9625564.212
622759.165,9625558.002
622766.838,9625551.336
622785.676,9625523.602
622805.823,9625502.797
622832.469,9625492.992
622850.039,9625488.542
622892.163,9625485.664
622916.695,9625494.828
622937.688,9625502.671
622965.684,9625519.939
622983.737,9625540.347
623004.93,9625590.843
623011.59,9625608.632
623016.257,9625617.519
623037.866,9625669.833
623056.281,9625714.413
623058.759,9625719.563
623068.247,9625758.816
623081.329,9625787.858
623097.217,9625799.489
623106.671,9625806.409
623121.36,9625817.162
623168.716,9625831.552
623184.706,9625833.539
623198.916,9625835.304
623216.301,9625837.464
623259.505,9625829.72
623304.769,9625809.313
623327.734,9625799.438
623331.542,9625798.03
623336.153,9625797.791
623366.254,9625796.231
623402.099,9625800.155
623404.293,9625801.466
623432.525,9625818.341
623458.144,9625837.885
623484.254,9625863.995
623539.722,9625907.427
623602.777,9625953.476
623646.732,9625990.106
623657.38,9626004.096
623691.581,9626049.035
623691.734,9626049.236
623727.579,9626060.225
623731.541,9626060.334
623754.917,9626060.974
623765.778,9626061.272
623806.333,9626053.684
623848.306,9626047.174
623891.666,9626044.765
623913.654,9626045.825
623969.61,9626066.263
623983.53,9626078.302
624006.211,9626097.917
624036.453,9626134.301
624038.448,9626136.7
624043.492,9626142.768
624062.299,9626155.821
624081.416,9626170.415
624093.442,9626176.818
624128.942,9626205.322
624132.803,9626209.161
624138.685,9626220.354
624140.203,9626223.241
624147.706,9626235.985
624146.869,9626249.719
624146.472,9626256.232
624145.201,9626260.682
624130.584,9626281.264
624117.454,9626289.984
624105.876,9626296.931
624092.154,9626306.786
624087.274,9626310.292
624080.484,9626320.975
624073.986,9626346.683
624083.86,9626376.659
624105.593,9626411.734
624125.71,9626431.518
624172.114,9626477.153
624174.193,9626479.371
624189.734,9626495.959
624235.089,9626544.366
624248.559,9626558.743
624318.446,9626653.877
624327.562,9626658.494
624327.921,9626658.747
624344.623,9626670.518
624367.439,9626681.721
624378.744,9626683.776
624400.121,9626683.982
624423.965,9626672.985
624456.545,9626655.102
624480.818,9626637.855
624483.883,9626635.678
624494.263,9626631.669
624502.819,9626630.782
624508.589,9626631.256
624511.118,9626631.464
624522.07,9626632.363
624525.447,9626632.83
624538.765,9626638.452
624567.953,9626665.585
624591.797,9626684.393
624622.629,9626714.3
624654.647,9626739.974
624668.775,9626752.224
624685.014,9626766.305
624701.56,9626773.602
624716.771,9626777.302
624717.837,9626777.258
624726.876,9626776.889
624736.915,9626776.479
624849.348,9626729.976
624890.975,9626712.759
624902.999,9626709.059
624908.479,9626708.72
624920.368,9626710.498
624931.365,9626712.142
624952.332,9626718.823
624958.875,9626721.46
625049.248,9626757.877
625068.159,9626761.474
625087.275,9626758.905
625104.541,9626754.794
625134.552,9626745.852
625149.498,9626739.343
625180.698,9626719.336
625226.535,9626689.943
625234.257,9626686.805
625262.198,9626675.451
625277.101,9626674.115
625303.617,9626675.863
625311.58,9626676.962
625395.964,9626683.701
625443.006,9626665.692
625465.793,9626643.641
625472.776,9626581.162
625421.382,9626521.425
625416.177,9626515.376
625404.417,9626469.803
625406.687,9626455.611
625417.441,9626405.552
625427.938,9626371.674
625449.178,9626341.737
625505.09,9626293.174
625506.22,9626292.29
625616.109,9626206.289
625726.718,9626124.673
625740.513,9626117.897
625756.444,9626116.355
625762.375,9626116.253
625780.287,9626115.944
625793.545,9626119.233
625800.945,9626126.222
625803.823,9626137.218
625806.084,9626152.84
625806.231,9626178.323
625819.349,9626250.76
625844.708,9626262.153
625941.585,9626268.196
625946.056,9626269.259
626008.861,9626284.195
626025.897,9626288.247
626127.94,9626312.514
626170.333,9626308.093
626176.927,9626307.405
626230.239,9626301.845
626249.547,9626306.95
626265.077,9626312.553
626265.504,9626312.776
626286.455,9626323.755
626305.262,9626335.677
626316.67,9626344.207
626335.491,9626364.564
626360.241,9626381.548
626378.906,9626411.241
626406.688,9626455.44
626470.133,9626549.584
626472.135,9626552.555
626473.925,9626555.846
626531.701,9626662.079
626558.706,9626728.175
626559.468,9626729.796
626604.132,9626824.784
626636.506,9626880.693
626632.586,9626904.449
626631.741,9626909.571
626631.368,9626911.834
626629.004,9626918.412
626625.612,9626923.345
626619.061,9626926.065
626611.84,9626926.017
626600.595,9626925.943
626587.38,9626927.353
626574.916,9626928.683
626561.378,9626930.128
626550.381,9626939.275
626545.037,9626946.88
626543.593,9626952.194
626542.467,9626956.336
626542.423,9626958.217
626544.821,9626975.805
626546.167,9626979.049
626551.717,9626997.651
626560.225,9627014.891
626567.339,9627029.306
626601.255,9627075.76
626624.071,9627099.81
626639.936,9627112.459
626670.217,9627136.603
626713.177,9627179.255
626723.927,9627189.109
626730.443,9627195.082
626749.867,9627227.148
626758.398,9627259.522
626765.713,9627320.748
626767.236,9627354.486
626769.05,9627394.663
626762.509,9627424.579
626747.092,9627495.083
626724.893,9627545.854
626711.026,9627580.621
626708.963,9627600.427
626706.962,9627619.636
626707.319,9627626.635
626708.141,9627642.77
626719.24,9627657.262
626735.89,9627663.531
626756.651,9627665.586
626777.355,9627658.639
626798.693,9627650.338
626821.091,9627635.679
626833.629,9627622.626
626870.011,9627590.561
626895.808,9627570.006
626916.774,9627564.661
626936.301,9627565.278
626958.501,9627573.089
626979.159,9627583.983
626995.808,9627605.258
627011.327,9627630.848
627027.155,9627662.298
627030.161,9627678.357
627031.677,9627686.45
627033.938,9627705.977
627031.163,9627725.813
627018.933,9627764.045
627014.729,9627773.823
627004.441,9627797.755
626998.891,9627818.927
626997.966,9627833.213
627000.493,9627846.375
627001.872,9627853.562
627012.355,9627886.039
627017.288,9627892.103
627048.223,9627944.107
627074.02,9627983.367
627087.792,9627995.803
627101.05,9628005.258
627119.035,9628013.069
627155.931,9628015.731
627174.116,9628014.613
627182.66,9628015.137
627182.856,9628015.149
627191.26,9628014.078
627202.592,9628009.794
627215.532,9628002.075
627224.045,9627991.972
627228.475,9627984.992
627232.415,9627978.782
627236.541,9627972.279
627238.235,9627969.61
627252.424,9627949.178
627259.234,9627926.022
627264.115,9627889.811
627271.721,9627849.287
627276.375,9627819.774
627274.445,9627791.85
627272.061,9627778.796
627262.753,9627764.834
627224.045,9627726.013
627189.88,9627701.395
627166.721,9627673.604
627156.165,9627641.936
627154.054,9627616.601
627156.165,9627578.6
627173.054,9627559.599
627193.403,9627550.35
627200.19,9627550.936
627209.856,9627551.772
627235.737,9627563.123
627268.156,9627581.242
627324.685,9627634.877
627393.644,9627715.839
627446.768,9627792.716
627493.677,9627863.207
627507.979,9627880.149
627526.028,9627893.004
627540.461,9627896.751
627552.59,9627899.9
627579.237,9627896.75
627596.519,9627887.981
627631.513,9627858.542
627632.446,9627857.758
627685.654,9627814.51
627710.859,9627798.976
627713.834,9627797.143
627746.44,9627781.648
627767.142,9627773.38
627812.352,9627768.859
627817.417,9627768.915
627866.174,9627774.766
627920.42,9627781.275
628017.284,9627806.566
628067.993,9627809.62
628068.626,9627809.658
628068.931,9627809.677
628073.935,9627809.978
628158.813,9627784.496
628169.542,9627781.275
628230.767,9627760.163
628266.658,9627726.384
628308.882,9627663.048
628336.327,9627612.379
628383.226,9627581.793
628384.885,9627580.711
628412.331,9627578.6
628471.444,9627580.056
628498.89,9627618.713
628520.002,9627675.715
628530.558,9627781.275
628524.225,9627888.947
628526.336,9627933.282
628568.56,9627969.172
628649.563,9627964.916
628684.389,9627974.415
628751.824,9627987.774
628807.126,9628032.508
628864.128,9628066.288
628923.242,9628089.511
628926.06,9628088.667
628949.725,9628081.579
628963.437,9628081.001
628978.25,9628078.703
628986.742,9628064.847
628988.722,9628048.118
628994.979,9628024.94
629003.622,9627963.931
629005.834,9627948.32
629014.568,9627891.105
629016.624,9627877.637
629023.967,9627857.907
629032.523,9627844.881
629058.766,9627830.77
629086.094,9627822.661
629131.236,9627816.404
629168.972,9627819.788
629189.635,9627820.721
629195.853,9627821.001
629219.095,9627830.004
629234.802,9627840.348
629248.211,9627854.076
629272.857,9627900.112
629298.653,9627955.215
629325.481,9628001.593
629344.479,9628018.48
629357.587,9628026.984
629374.74,9628032.508
629395.451,9628039.179
629422.906,9628037.774
629483.565,9628038.221
629524.812,9628045.82
629533.342,9628048.952
629539.242,9628051.119
629555.205,9628058.079
629601.624,9628088.408
629629.144,9628126.144
629648.082,9628163.356
629649.496,9628165.514
629695.805,9628251.272
629721.089,9628279.641
629804.12,9628348.413
629807.351,9628351.09
629869.223,9628372.224
629920.686,9628378.929
629926.685,9628379.538
629939.787,9628380.868
630133.884,9628400.574
630179.027,9628406.675
630211.846,9628411.109
630219.538,9628412.427
630230.107,9628414.238
630243.579,9628416.984
630266.182,9628413.6
630290.254,9628403.32
630303.024,9628392.593
630303.487,9628392.065
630308.95,9628385.835
630322.365,9628365.712
630335.535,9628347.961
630341.335,9628335.446
630341.389,9628323.087
630339.047,9628308.642
630335.78,9628301.478
630334.243,9628299.03
630322.611,9628287.696
630302.007,9628267.621
630276.674,9628247.075
630254.722,9628229.271
630184.482,9628172.305
630155.795,9628144.544
630131.562,9628109.54
630130.496,9628107.497
630121.278,9628079.357
630118.815,9628069.061
630114.006,9628043.289
630114.869,9628030.561
630116.929,9628000.183
630125.657,9627977.674
630127.13,9627973.875
630129.797,9627970.157
630137.076,9627962.878
630146.59,9627958.791
630182.219,9627941.424
630227.106,9627922.141
630261.649,9627914.415
630286.359,9627909.818
630310.112,9627911.286
630337.504,9627919.842
630369.554,9627938.582
630384.242,9627947.17
630424.724,9627974.115
630440.795,9627986.912
630462.013,9628003.806
630494.245,9628011.401
630529.056,9628010.51
630577.179,9628009.279
630617.042,9627999.592
630652.582,9627990.955
630707.472,9627977.616
630751.515,9627970.919
630755.439,9627970.658
630809.406,9627967.06
630838.579,9627975.346
630908.049,9627971.827
630953.567,9627945.265
631007.848,9627921.383
631009.767,9627920.983
631075.646,9627907.265
631168.963,9627894.025
631231.333,9627895.461
631294.342,9627917.634
631355.436,9627945.389
631447.477,9627923.376
631494.215,9627842.183
631536.167,9627758.437
631545.898,9627704.521
631542.835,9627677.455
631539.039,9627643.905
631563.125,9627580.418
631621.508,9627541.496
631648.945,9627522.514
631661.07,9627521.202
631691.695,9627517.888
631759.01,9627500.501
631837.97,9627472.905
631887.57,9627441.152
631921.693,9627401.787
631923.79,9627399.368
631956.224,9627361.951
631988.727,9627318.74
632024.356,9627251.644
632044.515,9627192.318
632079.68,9627058.136
632096.869,9626952.231
632107.152,9626888.877
632108.367,9626881.387
632131.966,9626809.865
632138.178,9626787.786
632175.273,9626655.952
632192.578,9626545.47
632217.563,9626387.229
632224.492,9626360.25
632252.6,9626250.811
632261.057,9626217.883
632290.669,9626104.06
632328.61,9626029.103
632328.61,9625847.089
632328.61,9625782.949
632346.428,9625600.313
632347.118,9625593.245
632346.965,9625588.888
632346.444,9625574.05
632346.148,9625565.609
632345.267,9625540.497
632345.247,9625536.732
632344.502,9625397.353
632344.342,9625367.449
632320.282,9625255.477
632296.221,9625107.415
632302.699,9624914.934
632306.401,9624852.007
632320.282,9624702.181
632374.104,9624498.271
632386.877,9624449.881
632397.997,9624418.87
632400.097,9624413.016
632446.13,9624284.644
632446.566,9624283.429
632447.188,9624281.694
632445.184,9624270.167
632439.408,9624210.54
632472.054,9624139.723
632500.18,9624061.373
632502.959,9624055.452
632510.825,9624008.997
632514.351,9623991.67
632520.909,9623959.437
632527.211,9623928.459
632535.763,9623886.426
632540.01,9623865.552
632542.215,9623840.424
632549.661,9623755.585
632488.318,9623550.528
632490.871,9623527.354
632511.554,9623339.606
632525.519,9623266.066
632525.861,9623264.264
632569.968,9623182.837
632572.776,9623178.05
632604.201,9623110.256
632616.164,9623075.163
632621.588,9623032.094
632632.487,9622945.539
632627.363,9622905.472
632627.481,9622903.338
632623.977,9622833.256
632623.977,9622824.129
632623.977,9622780.694
632673.035,9622700.099
632767.646,9622637.024
632827.593,9622620.855
632841.241,9622597.574
632857.415,9622583.926
632887.181,9622558.811
632931.845,9622492.613
632963.429,9622436.463
632974.833,9622416.189
632984.902,9622402.248
632999.288,9622382.108
633002.423,9622377.719
633392.674,9622149.254
633619.532,9621990.939
633622.654,9621988.76
633635.503,9621971.294
